"WardCode","WardName","borough","NESW","AreaSqKm","lon","lat","IncomeScor","LivingEnSc","NoEmployee","GrenSpace","PopDen","BornUK","NotBornUK","NoCTFtoH","NoDwelling","NoFlats","NoHouses","NoOwndDwel","MedHPrice"
"E05000026","Abbey","Barking and Dagenham","East",1.3,0.077935,51.539711,0.27,42.76,7900,19.6,9884.6,5459,7327,0.1,4733,3153,1600,1545,177000
"E05000027","Alibon","Barking and Dagenham","East",1.4,0.14827,51.545589,0.28,27.96,800,22.4,7464.3,7824,2561,0.1,4045,574,3471,1849,160000
"E05000028","Becontree","Barking and Dagenham","East",1.3,0.118957,51.554534,0.25,31.59,1100,3,8923.1,8075,3470,0.1,4378,837,3541,2093,170000
"E05000029","Chadwell Heath","Barking and Dagenham","East",3.4,0.139985,51.584751,0.27,34.78,1700,56.4,2970.6,7539,2482,0.4,4050,1400,2662,2148,195000
"E05000030","Eastbrook","Barking and Dagenham","East",3.5,0.173581,51.553648,0.19,21.25,4000,51.1,3014.3,8514,1992,0.5,3976,742,3235,2646,191750
"E05000031","Eastbury","Barking and Dagenham","East",1.4,0.105683,51.535896,0.27,31.16,1000,18.1,8357.1,7880,3744,0,4321,933,3388,1913,167250
"E05000032","Gascoigne","Barking and Dagenham","East",1.1,0.082947,51.532413,0.36,40.03,2800,20.3,11409.1,6447,6005,0.1,4662,3368,1343,1233,145000
"E05000033","Goresbrook","Barking and Dagenham","East",1.3,0.135579,51.53609,0.27,27.38,1300,17.1,8730.8,8244,3023,0.1,4293,657,3639,1938,155000
"E05000034","Heath","Barking and Dagenham","East",2,0.154339,51.557524,0.31,31.53,2500,38.4,5425,8183,2603,0,4409,1606,2812,1832,155000
"E05000035","Longbridge","Barking and Dagenham","East",1.6,0.096579,51.543838,0.17,23.57,1600,30.3,7218.8,7660,3818,7.7,3787,852,2936,2618,250000
"E05000036","Mayesbrook","Barking and Dagenham","East",1.9,0.11917,51.54404,0.29,28.01,800,45.8,5473.7,7759,2583,0.1,3986,616,3371,1752,160000
"E05000037","Parsloes","Barking and Dagenham","East",1.2,0.134974,51.550182,0.28,29.2,600,17.5,8250,7547,2292,0.1,3844,489,3355,1849,157000
"E05000038","River","Barking and Dagenham","East",3.6,0.152948,51.52433,0.25,33.85,6100,20.8,3055.6,7551,3372,0.1,4090,590,3507,2093,153500
"E05000039","Thames","Barking and Dagenham","East",7.9,0.118563,51.523614,0.3,29.8,9100,44.4,1367.1,6742,3986,0,3999,1818,2195,1475,167500
"E05000040","Valence","Barking and Dagenham","East",1.3,0.134158,51.560573,0.28,36.62,1800,16,7653.8,7570,2297,0,3917,521,3396,1822,184000
"E05000041","Village","Barking and Dagenham","East",2.1,0.166279,51.539049,0.28,36,900,48,5166.7,7986,2801,0.2,4504,2205,2303,1851,156000
"E05000042","Whalebone","Barking and Dagenham","East",1.6,0.142166,51.567745,0.19,33.5,3400,16.4,6656.3,7484,3091,0.3,4085,1136,2955,2573,189000
"E05000043","Brunswick Park","Barnet","North",3.2,-0.14488,51.628592,0.13,17.77,4100,28,5140.6,11327,5067,22.8,6166,1161,5025,4658,343000
"E05000044","Burnt Oak","Barnet","West",2.1,-0.259675,51.603533,0.27,23.56,2200,20.2,8690.5,9633,8584,1.4,6502,2482,4029,2618,230000
"E05000045","Childs Hill","Barnet","West",3.1,-0.202648,51.565084,0.14,31.98,5600,15.1,6483.9,9783,10266,33.1,7944,4506,3539,3513,387493
"E05000046","Colindale","Barnet","West",2.6,-0.245579,51.594074,0.28,26.24,9000,20.8,6596.2,8087,9011,1.8,6422,3872,2588,2415,242250
"E05000047","Coppetts","Barnet","North",2.7,-0.151847,51.611192,0.17,24.33,3400,40.3,6407.4,11028,6222,20.8,7102,3784,3352,3992,290000
"E05000048","East Barnet","Barnet","North",3.8,-0.161029,51.646736,0.12,17.65,3400,34.9,4263.2,12358,3779,20.9,6625,2318,4321,4481,305000
"E05000049","East Finchley","Barnet","North",2.5,-0.168936,51.595052,0.17,29.26,3600,37.8,6420,10492,5497,17.8,6773,3877,2928,3385,337500
"E05000050","Edgware","Barnet","West",5.6,-0.281736,51.626374,0.16,21,7000,54,3000,10469,6259,40.9,6156,2275,3892,3685,300000
"E05000051","Finchley Church End","Barnet","North",2.7,-0.201174,51.59628,0.1,25.88,5400,13.7,5833.3,9282,6433,47.3,6438,3591,2917,3929,385000
"E05000052","Garden Suburb","Barnet","North",4.7,-0.183306,51.580972,0.05,27.86,5600,24.2,3404.3,10200,5729,62.3,6583,2561,4041,4163,575000
"E05000053","Golders Green","Barnet","West",3,-0.212704,51.574816,0.16,27.57,5600,14.6,6300,10198,8620,36.1,6275,2382,3991,3086,429250
"E05000054","Hale","Barnet","North",5.4,-0.256785,51.626113,0.16,17.71,2700,48.8,3240.7,11214,6223,18.9,6317,1529,4798,4161,319975
"E05000055","Hendon","Barnet","North",2.8,-0.22438,51.591133,0.14,31.26,7400,16.4,6607.1,9567,8905,23.7,7157,4242,3013,3447,325000
"E05000056","High Barnet","Barnet","North",8.3,-0.212531,51.654923,0.08,22.35,5800,47.9,1849.4,11921,3386,30.3,6790,2656,4138,4635,330000
"E05000057","Mill Hill","Barnet","North",9.4,-0.224664,51.613852,0.14,19.88,6600,59,1968.1,12095,6356,31.8,7119,2384,4738,4452,370000
"E05000058","Oakleigh","Barnet","North",3.3,-0.170692,51.634317,0.11,19.56,4200,15.3,4803,11305,4506,39.3,6277,2508,3777,4384,320000
"E05000059","Totteridge","Barnet","North",8.8,-0.20118,51.629865,0.08,17.9,4900,57.7,1727.3,9459,5700,55.9,6028,1980,4049,3923,482475
"E05000060","Underhill","Barnet","North",4.6,-0.218743,51.644213,0.16,15.92,4700,43.7,3478.3,11875,4040,15.3,6459,2076,4386,3889,297000
"E05000061","West Finchley","Barnet","North",2.2,-0.187375,51.607155,0.11,31.5,7300,13.4,7545.5,9149,7384,26,6833,3777,3085,3627,292500
"E05000062","West Hendon","Barnet","West",3.4,-0.235358,51.578382,0.16,33.53,9000,32,5132.4,8083,9319,21.5,6430,2999,3466,3057,310000
"E05000063","Woodhouse","Barnet","North",2.6,-0.171772,51.610921,0.15,29.72,5600,19.3,6788.5,10365,7210,20.9,6950,3357,3672,4041,280000
"E05000064","Barnehurst","Bexley","East",2.9,0.161836,51.457658,0.1,22.59,2300,35.8,3603.4,9580,838,4.4,4302,715,3589,3399,223500
"E05000065","Belvedere","Bexley","East",3.2,0.151273,51.493436,0.17,32.58,3800,33.2,3734.4,9462,2428,1.6,4984,1831,3157,3106,168500
"E05000066","Blackfen and Lamorbey","Bexley","East",1.7,0.091724,51.445503,0.06,17.62,1200,9.5,6264.7,9866,750,5.9,4233,332,3901,3630,235000
"E05000067","Blendon and Penhill","Bexley","East",2.1,0.11696,51.446014,0.06,18.37,1200,13.9,5214.3,10054,856,13.5,4335,438,3897,3755,239000
"E05000068","Brampton","Bexley","East",2,0.139193,51.468236,0.07,16.92,1300,9.2,5300,9445,1101,6.7,4232,410,3822,3710,250000
"E05000069","Christchurch","Bexley","East",2.5,0.140968,51.455134,0.08,24.41,8000,17.3,4400,9709,1256,10.9,4568,1004,3564,3609,232750
"E05000070","Colyers","Bexley","East",1.6,0.170375,51.469995,0.18,22.52,700,13.1,6968.8,9762,1366,1.7,4514,1230,3285,2777,200000
"E05000071","Crayford","Bexley","East",4,0.181912,51.453159,0.15,28.06,6300,42.7,2812.5,10109,1117,0.2,4834,1178,3662,3177,172650
"E05000072","Cray Meadows","Bexley","South",7.2,0.133513,51.42352,0.16,27.4,6100,61.6,1562.5,10094,1113,8.1,4810,1514,3296,3152,227000
"E05000073","Danson Park","Bexley","East",2.7,0.118156,51.457113,0.09,25.67,2500,36.3,4037,9432,1432,9,4563,989,3576,3517,220000
"E05000074","East Wickham","Bexley","East",2.2,0.096981,51.468115,0.12,23.28,1400,26.5,4954.5,9408,1450,2.8,4309,690,3619,3252,222500
"E05000075","Erith","Bexley","East",4.8,0.169605,51.488122,0.18,25.26,5500,44.6,2520.8,9271,2782,2.5,5067,2249,2844,2868,159950
"E05000076","Falconwood and Welling","Bexley","East",1.7,0.096416,51.458119,0.07,18.74,1500,0.7,6382.4,9457,1343,2.9,4251,403,3848,3652,225000
"E05000077","Lesnes Abbey","Bexley","East",2.4,0.129925,51.484305,0.15,21.65,500,36.9,4750,8700,2646,2.4,4559,1203,3363,3037,218000
"E05000078","Longlands","Bexley","South",2.6,0.093916,51.427195,0.08,25.78,3700,30,4038.5,9411,1031,14.7,4606,1820,2797,3380,232748
"E05000079","North End","Bexley","East",5.7,0.199,51.473369,0.24,25.81,2900,65.3,2035.1,9388,2178,0,4716,1566,3157,2196,160000
"E05000080","Northumberland Heath","Bexley","East",1.8,0.152196,51.474878,0.1,20.68,1600,13.5,5916.7,9560,1038,2,4126,426,3700,3251,225000
"E05000081","St Mary's","Bexley","East",4.4,0.146409,51.439597,0.06,16.1,2100,46.8,2386.4,9642,849,25,4390,544,3846,3688,280000
"E05000082","St Michael's","Bexley","East",1.4,0.118435,51.470512,0.08,22.02,900,5.9,7964.3,9842,1293,1.4,4073,312,3761,3447,220000
"E05000083","Sidcup","Bexley","East",2.7,0.105707,51.434011,0.06,21.47,6500,25.8,4037,9693,1151,24.7,4650,1641,3010,3410,245500
"E05000084","Thamesmead East","Bexley","East",4.8,0.135695,51.503444,0.23,19.9,3400,70.5,2531.3,7482,4612,0,4915,2139,2786,1895,120000
"E05000085","Alperton","Brent","West",2.1,-0.294514,51.540475,0.17,26.03,8300,17.7,6690.5,4648,9369,0.4,4434,1689,2755,2358,240000
"E05000086","Barnhill","Brent","West",3,-0.27951,51.571133,0.26,24.87,3400,31.6,5283.3,6858,8914,20.3,5539,2524,3022,2475,337500
"E05000087","Brondesbury Park","Brent","West",1.7,-0.218886,51.542882,0.18,38.74,2000,9.6,7676.5,6875,6148,20.3,5425,3768,1760,2392,368250
"E05000088","Dollis Hill","Brent","West",2.3,-0.23656,51.564342,0.29,25.41,5100,26.6,5847.8,6112,7313,5.9,4351,1533,2824,2267,300000
"E05000089","Dudden Hill","Brent","West",1.7,-0.241584,51.554218,0.24,35.04,3300,11.5,8882.4,6602,8457,7.5,5289,2348,2976,2324,375000
"E05000090","Fryent","Brent","West",2.7,-0.265113,51.582058,0.21,29.92,3900,39.3,5000,5930,7515,7,4492,1682,2821,2532,288500
"E05000091","Harlesden","Brent","West",1.1,-0.250733,51.540937,0.36,46.38,1800,8.9,15636.4,8088,9074,1.1,6637,4860,1925,1566,223000
"E05000092","Kensal Green","Brent","West",1.1,-0.236782,51.534979,0.24,44.55,1700,6.9,13590.9,7429,7486,2.1,6066,3936,2248,2263,332000
"E05000093","Kenton","Brent","West",2.3,-0.299921,51.581338,0.13,19.53,2300,17,5282.6,5598,6535,34.8,3941,815,3138,2849,382670
"E05000094","Kilburn","Brent","West",0.9,-0.198667,51.536894,0.31,51.9,2700,11.2,18944.4,8824,8165,4.2,7658,6757,1083,1929,340000
"E05000095","Mapesbury","Brent","West",1.4,-0.21873,51.553813,0.19,43.94,2400,9.7,11107.1,7409,8120,14.5,6373,4869,1627,2212,330000
"E05000096","Northwick Park","Brent","West",2.7,-0.317961,51.569029,0.15,20.91,6800,32,4759.3,5978,6833,26.2,4020,1401,2915,2615,366000
"E05000097","Preston","Brent","West",2.4,-0.297085,51.566154,0.2,23.35,3400,19.1,6479.2,6609,8865,13.1,5109,1965,3153,2828,316000
"E05000098","Queens Park","Brent","West",1.5,-0.213784,51.535166,0.16,45.54,4200,19.1,10233.3,8873,6408,18.3,6371,4085,2361,2812,460000
"E05000099","Queensbury","Brent","West",2,-0.272978,51.592336,0.19,23.72,3900,13.7,7600,6409,8746,4.3,4802,1256,3554,2911,310000
"E05000100","Stonebridge","Brent","West",4.1,-0.266872,51.542005,0.43,38.57,17000,16.3,4134.1,8649,8254,0.7,6013,3332,2689,1228,204000
"E05000101","Sudbury","Brent","West",2.1,-0.314936,51.556207,0.22,29.45,2200,34.6,7142.9,5653,9297,4.9,4938,2194,2750,2474,250000
"E05000102","Tokyngton","Brent","West",2.8,-0.278461,51.553743,0.19,25.95,13200,19.7,5410.7,5601,9504,3.6,5033,2122,2929,2570,265000
"E05000103","Welsh Harp","Brent","West",2.3,-0.257807,51.56657,0.25,26.48,1600,34.2,6000,6185,7568,3.9,4912,1931,2992,2471,250000
"E05000104","Wembley Central","Brent","West",1.6,-0.29726,51.549983,0.22,35.56,5400,20.1,9218.8,4646,10081,3,4527,2057,2483,2165,250000
"E05000105","Willesden Green","Brent","West",1.5,-0.23496,51.545523,0.29,47.88,3300,36.8,10433.3,6812,8775,1.2,6153,4561,1652,1719,250000
"E05000106","Bickley","Bromley","South",4.9,0.046326,51.401639,0.06,10.76,3700,22.1,3091.8,12726,2372,47.9,6145,1462,4711,4813,380000
"E05000107","Biggin Hill","Bromley","South",8.3,0.023668,51.316302,0.06,6.5,2100,71.4,1204.8,9448,503,17,4032,532,3500,3472,246000
"E05000108","Bromley Common and Keston","Bromley","South",8.3,0.040774,51.372561,0.12,16.9,4700,59.3,1825.3,13289,1824,23.6,6499,1320,5189,4589,293750
"E05000109","Bromley Town","Bromley","South",3.7,0.014716,51.403722,0.09,23.13,23300,18,4567.6,13476,3350,18.9,7744,3534,4300,4910,250000
"E05000110","Chelsfield and Pratts Bottom","Bromley","South",12.6,0.113207,51.351036,0.06,7.03,2800,69.2,1154.8,13101,1406,28.6,5947,477,5470,5105,294500
"E05000111","Chislehurst","Bromley","South",10.4,0.074291,51.413094,0.07,16.43,4300,60,1432.7,12952,1879,44.5,6401,1473,4939,4877,349995
"E05000112","Clock House","Bromley","South",2.3,-0.047836,51.404966,0.1,32.55,2900,16.3,6782.6,12861,2699,7.9,7149,3007,4179,4749,250000
"E05000113","Copers Cope","Bromley","South",3.3,-0.019418,51.411809,0.08,25.69,4600,17.1,4681.8,12264,3128,18.4,8378,5911,2492,5015,247000
"E05000114","Cray Valley East","Bromley","South",13.3,0.13166,51.39167,0.2,19.1,6300,76.4,1165.4,13538,1907,3.3,6860,1554,5322,4232,200000
"E05000115","Cray Valley West","Bromley","South",3.9,0.102654,51.40035,0.22,17.4,3700,24.2,4320.5,14942,1827,8.3,6922,1218,5707,4034,200000
"E05000116","Crystal Palace","Bromley","Central",2.3,-0.068834,51.416993,0.23,45.16,1700,49.3,5347.8,8544,3711,1.6,6226,5174,1118,2225,195000
"E05000117","Darwin","Bromley","South",29,0.057218,51.327151,0.07,12.62,1200,88.8,177.6,4797,313,40.7,2169,262,1907,1743,355000
"E05000118","Farnborough and Crofton","Bromley","South",7,0.066931,51.36539,0.06,8.73,6200,49.7,2100,13163,1469,38.2,6336,824,5526,5132,310000
"E05000119","Hayes and Coney Hall","Bromley","South",10.8,0.01156,51.369783,0.05,11.75,2800,69.5,1476.9,14519,1387,34.1,6261,849,5412,5405,333250
"E05000120","Kelsey and Eden Park","Bromley","South",5.2,-0.029733,51.393657,0.07,17.92,3800,43.6,3067.3,13729,2163,27.2,6547,1471,5087,5085,330000
"E05000121","Mottingham and Chislehurst North","Bromley","South",2.4,0.04159,51.432308,0.23,19.73,1100,44.4,4187.5,8477,1510,4.9,4488,1069,3419,2401,185500
"E05000122","Orpington","Bromley","South",4.3,0.109417,51.371321,0.13,15.1,6900,26.3,3581.4,13493,1818,19.7,6483,1233,5254,4793,250000
"E05000123","Penge and Cator","Bromley","South",3,-0.048325,51.415958,0.2,36.83,4500,25.2,5800,12856,4470,7.9,7905,4165,3790,3763,250000
"E05000124","Petts Wood and Knoll","Bromley","South",4.3,0.078545,51.385897,0.04,10.45,2200,24.6,3186,12207,1444,51,5562,502,5060,4873,423000
"E05000125","Plaistow and Sundridge","Bromley","South",4,0.023301,51.417777,0.13,23.78,3000,40.5,3800,12570,2552,17.3,6836,2335,4539,4303,250000
"E05000126","Shortlands","Bromley","South",2.5,-0.001732,51.396437,0.05,13.79,1000,3.1,3940,8249,1575,50.1,4287,1549,2756,3320,325000
"E05000127","West Wickham","Bromley","South",4.4,-0.011556,51.377928,0.05,14.61,3100,32.6,3397.7,13447,1437,41.2,5859,952,4910,4982,370000
"E05000128","Belsize","Camden","Central",0.8,-0.166587,51.546106,0.13,40.95,3100,1.3,15875,6824,5878,40.3,6189,5661,819,2557,650000
"E05000129","Bloomsbury","Camden","Central",1,-0.131436,51.521987,0.11,54.65,69400,9.2,10800,5317,5575,24.5,5172,5226,197,1293,365000
"E05000130","Camden Town with Primrose Hill","Camden","Central",1.2,-0.149107,51.540313,0.19,41.64,14000,15.2,10541.7,7720,4893,35.1,6174,5054,1280,2039,615000
"E05000131","Cantelowes","Camden","Central",0.8,-0.133704,51.545052,0.22,41.02,2400,7.4,14875,7648,4277,17.7,5163,4357,919,1567,413250
"E05000132","Fortune Green","Camden","West",1,-0.201651,51.553098,0.14,32.76,2100,18,11750,6643,5097,23.9,5256,4333,1225,2140,455000
"E05000133","Frognal and Fitzjohns","Camden","North",1.5,-0.183819,51.554595,0.07,37.25,4500,5.7,7966.7,6170,5816,63.1,5127,4248,1044,2444,795000
"E05000134","Gospel Oak","Camden","Central",0.7,-0.156242,51.552889,0.24,32.07,2100,15.9,16071.4,7334,3930,17.8,4933,4108,928,1540,415000
"E05000135","Hampstead Town","Camden","North",2.5,-0.174064,51.560293,0.07,33.87,10500,54.2,4520,6655,4615,55.9,5385,3959,1589,2640,824900
"E05000136","Haverstock","Camden","Central",0.7,-0.153514,51.546647,0.27,35.48,2800,8.2,17642.9,7875,4489,14.2,5367,4692,716,1455,375750
"E05000137","Highgate","Camden","North",3.2,-0.1552,51.564533,0.17,33.88,2500,65.2,3421.9,7989,2966,30.9,4928,3441,1540,2268,487500
"E05000138","Holborn and Covent Garden","Camden","Central",1.2,-0.117734,51.519008,0.21,59.02,104400,7.5,10833.3,7088,5935,27.8,6495,6317,275,1404,535000
"E05000139","Kentish Town","Camden","Central",1,-0.140242,51.551484,0.21,40.83,9300,5.3,13400,8828,4589,21.3,5807,4555,1361,2063,420000
"E05000140","Kilburn","Camden","West",0.7,-0.190731,51.540348,0.28,43.34,3400,13.4,17214.3,6274,5764,8.2,5823,5548,467,1372,381000
"E05000141","King's Cross","Camden","Central",0.6,-0.121304,51.527145,0.18,53.14,16000,13.5,19583.3,5814,6029,12.5,4713,4666,256,819,337500
"E05000142","Regent's Park","Camden","Central",1.3,-0.142545,51.530772,0.24,47.25,26900,27,10384.6,7418,6110,14.9,5831,5337,621,1175,375000
"E05000143","St Pancras and Somers Town","Camden","Central",1.4,-0.130295,51.535319,0.32,34.96,16300,13.5,9857.1,7962,5856,5.4,5655,5291,407,932,365000
"E05000144","Swiss Cottage","Camden","Central",1.3,-0.176696,51.541997,0.14,37.64,4000,14.5,9923.1,6296,6604,39.8,6060,5528,682,2410,570000
"E05000145","West Hampstead","Camden","West",0.9,-0.191672,51.548528,0.15,41.52,4100,8.8,13388.9,6840,5220,15.3,5750,5202,854,1924,428975
"E05000146","Addiscombe","Croydon","South",1.6,-0.081616,51.380773,0.15,43.05,4300,2.3,10593.8,11063,5820,2.4,7722,3691,4118,3980,210000
"E05000147","Ashburton","Croydon","South",2.7,-0.058282,51.384217,0.16,19.86,1700,22.2,5481.5,11433,3288,11.2,5635,1018,4617,3768,272500
"E05000148","Bensham Manor","Croydon","South",1.4,-0.106393,51.397121,0.17,35.25,1600,7.7,11607.1,8865,7336,0.7,6035,1975,4100,3515,191630
"E05000149","Broad Green","Croydon","South",2.7,-0.116021,51.379666,0.25,39.4,11500,4.5,6925.9,10044,8608,0.5,7143,3092,4095,3032,180818
"E05000150","Coulsdon East","Croydon","South",7.7,-0.123514,51.304976,0.1,7.76,2500,56.8,1597.4,10798,1446,30.6,4993,537,4456,3975,295000
"E05000151","Coulsdon West","Croydon","South",5,-0.142434,51.322009,0.08,15,3400,17.1,2700,11177,2272,41.8,4896,570,4328,4017,305000
"E05000152","Croham","Croydon","South",3.5,-0.088439,51.355188,0.1,33.1,4700,19.1,4528.6,11949,3841,23.3,7090,3548,3670,4303,215000
"E05000153","Fairfield","Croydon","South",3.8,-0.085882,51.370928,0.13,37.85,35300,17.5,4381.6,9555,7014,12.9,8286,5799,2562,3335,207500
"E05000154","Fieldway","Croydon","South",1.5,-0.017933,51.353509,0.35,17.28,900,22.8,7666.7,9265,2214,0,4052,1394,2659,1349,162000
"E05000155","Heathfield","Croydon","South",8.7,-0.041981,51.356858,0.12,14.77,2400,61.3,1523,10978,2235,17.4,5513,1477,4036,4148,197000
"E05000156","Kenley","Croydon","South",6.5,-0.104157,51.318456,0.09,12.64,2200,39.6,2315.4,12293,2673,33.1,6015,1483,4536,4453,274750
"E05000157","New Addington","Croydon","South",2.4,-0.009946,51.341237,0.28,19.14,2000,31.2,4520.8,9299,1502,0,4061,1033,3028,1977,186500
"E05000158","Norbury","Croydon","Central",2.5,-0.118948,51.410805,0.16,27.5,2100,16.1,6620,9294,7182,18.1,6199,1610,4608,3711,242500
"E05000159","Purley","Croydon","South",4.2,-0.116662,51.340433,0.1,19.49,4600,3.8,3488.1,11226,3381,38,5847,1974,3877,4165,272000
"E05000160","Sanderstead","Croydon","South",6.3,-0.080672,51.331218,0.07,8.86,1700,48.6,2039.7,11021,1756,42.5,4962,606,4356,4153,310000
"E05000161","Selhurst","Croydon","South",2.3,-0.092294,51.389626,0.26,44.79,6300,18.3,7891.3,10839,7248,1.2,7704,4094,3676,3133,165000
"E05000162","Selsdon and Ballards","Croydon","South",6.4,-0.061045,51.34344,0.04,8.94,1900,55.2,1835.9,9882,1837,32.9,4518,283,4236,4068,287500
"E05000163","Shirley","Croydon","South",2.8,-0.038285,51.375428,0.14,14.82,1500,16,5125,11473,2823,21.4,5668,1433,4237,4132,270000
"E05000164","South Norwood","Croydon","South",2.4,-0.078203,51.405437,0.21,42.33,2400,17.5,6916.7,11217,5301,3.4,7822,5113,2812,3786,180000
"E05000165","Thornton Heath","Croydon","South",1.7,-0.095546,51.403372,0.22,36.71,2500,11.2,9764.7,10315,6224,1.1,6708,2555,4186,3609,195000
"E05000166","Upper Norwood","Croydon","Central",2.6,-0.098735,51.414625,0.2,33.66,2800,19.5,6211.5,10629,5453,8.8,6604,2960,3678,3675,245000
"E05000167","Waddon","Croydon","South",3.6,-0.111538,51.361036,0.21,36.78,6900,32.6,4763.9,11932,5145,4.7,7293,3379,3954,3581,198000
"E05000168","West Thornton","Croydon","South",2,-0.118943,51.392147,0.19,36.21,7300,17.7,8775,9353,8136,1.1,6226,1886,4368,3398,195000
"E05000169","Woodside","Croydon","South",2.2,-0.066275,51.393479,0.21,34.15,1400,33.3,7636.4,11994,4749,0.7,7107,2504,4617,3822,191000
"E05000170","Acton Central","Ealing","West",1.8,-0.270729,51.514905,0.21,41.85,2500,24.2,8583.3,7979,7448,20.4,6381,3894,2586,2597,331500
"E05000171","Cleveland","Ealing","West",2.2,-0.322713,51.523606,0.19,27.42,2200,34.8,6636.4,8793,5765,30.1,5814,2983,2854,3163,361500
"E05000172","Dormers Wells","Ealing","West",2.3,-0.3616,51.515862,0.27,34.73,1500,47.3,6065.2,6118,7792,0.2,4413,1808,2633,2161,241000
"E05000173","Ealing Broadway","Ealing","West",1.9,-0.309621,51.517071,0.11,31.79,12100,6.1,7394.7,7813,6216,32.1,6220,4515,1913,2791,339000
"E05000174","Ealing Common","Ealing","West",2.1,-0.295461,51.506862,0.13,34.44,2900,22.2,6690.5,7981,6038,26.8,5856,3450,2573,2792,342000
"E05000175","East Acton","Ealing","West",4.3,-0.260537,51.521548,0.22,38.83,16600,19.6,4360.5,8533,10173,12,7321,4433,2925,2991,278000
"E05000176","Elthorne","Ealing","West",2,-0.333877,51.505074,0.18,35.89,3500,34.2,7300,8643,5896,6.6,6194,3256,2996,3059,336500
"E05000177","Greenford Broadway","Ealing","West",2.5,-0.363299,51.532301,0.26,36.73,4600,26.2,7080,9059,8566,0.9,6501,3396,3136,3227,207500
"E05000178","Greenford Green","Ealing","West",3.4,-0.348596,51.542307,0.15,27.03,8300,22.6,4235.3,7162,7187,0.7,5136,1508,3630,3192,250000
"E05000179","Hanger Hill","Ealing","West",3.3,-0.292985,51.526178,0.09,27.45,8300,26.7,4727.3,7300,8261,38,6281,3057,3277,3414,370000
"E05000180","Hobbayne","Ealing","West",2.2,-0.340758,51.519369,0.2,24.45,1200,36.1,6477.3,8435,5794,5.6,5386,1957,3453,2887,285000
"E05000181","Lady Margaret","Ealing","West",1.5,-0.370606,51.523041,0.18,22.63,800,19.4,9300,6125,7772,0.3,4070,497,3585,2772,250000
"E05000182","Northfield","Ealing","West",1.5,-0.315193,51.498441,0.07,29.09,2000,25.6,9033.3,8621,4896,14.7,5388,1830,3561,3505,450000
"E05000183","North Greenford","Ealing","West",3.2,-0.332912,51.550442,0.13,17.9,2100,53.3,4609.4,7156,7557,0.4,4965,1014,3958,3305,270000
"E05000184","Northolt Mandeville","Ealing","West",2.8,-0.371672,51.548486,0.23,42.27,6800,34.4,5428.6,8488,6695,0.6,5707,2364,3344,3066,222500
"E05000185","Northolt West End","Ealing","West",3.5,-0.394109,51.538279,0.28,47.44,1300,56.3,4328.6,8851,6270,0.3,5715,3040,2678,2517,204000
"E05000186","Norwood Green","Ealing","West",3.8,-0.360913,51.50213,0.31,27.64,11900,47.6,3697.4,6923,7109,13.6,4319,1867,2469,1919,242500
"E05000187","Perivale","Ealing","West",3.4,-0.323417,51.535642,0.14,23.09,6500,38.3,4529.4,6846,8493,0.5,5428,1291,4156,3358,262500
"E05000188","South Acton","Ealing","West",1.7,-0.277389,51.506605,0.22,41.32,6300,17.5,8764.7,7363,7510,18.9,6114,4563,1664,2096,298500
"E05000189","Southall Broadway","Ealing","West",1.6,-0.383422,51.509294,0.24,34.61,3700,14.1,8406.3,4826,8613,0.5,3913,976,2950,2038,230500
"E05000190","Southall Green","Ealing","West",1.6,-0.389949,51.50001,0.26,31.8,3100,16.3,9125,5351,9228,0.1,4328,1202,3143,2157,212000
"E05000191","Southfield","Ealing","West",1.4,-0.261605,51.500033,0.1,31.26,4100,14.3,9642.9,8590,4884,40.9,6130,3173,3034,3421,570000
"E05000192","Walpole","Ealing","West",1.5,-0.315519,51.506864,0.11,30.93,5700,20.1,8900,8265,5065,20.8,5607,2529,3127,3166,419500
"E05000193","Bowes","Enfield","North",1.5,-0.109361,51.611348,0.22,32.68,1200,15.3,9400,7378,6673,4.9,5564,2543,3055,3082,250000
"E05000194","Bush Hill Park","Enfield","North",2.5,-0.078432,51.635229,0.12,20.8,2200,29.6,5600,10346,3577,17.5,5604,1575,4034,4307,306500
"E05000195","Chase","Enfield","North",16.9,-0.102269,51.677249,0.19,26.81,3300,81.5,819.5,10868,2894,8.5,5742,2159,3585,3471,250000
"E05000196","Cockfosters","Enfield","North",10.4,-0.149942,51.660875,0.15,17.36,3500,68.8,1331.7,9582,4206,50,5354,2072,3284,3602,385000
"E05000197","Edmonton Green","Enfield","North",3.1,-0.05372,51.6187,0.44,38.98,7200,33.2,5822.6,9547,8402,0.1,6946,4113,2886,2206,186500
"E05000198","Enfield Highway","Enfield","North",4.6,-0.030092,51.657844,0.3,25.44,8600,40.6,3500,10525,5502,1,5924,2061,3882,3132,218000
"E05000199","Enfield Lock","Enfield","North",3.3,-0.023407,51.673093,0.3,25.98,3500,39.6,5015.2,10895,5574,3,6409,2585,3837,3265,195000
"E05000200","Grange","Enfield","North",3.3,-0.091438,51.644188,0.08,20.07,6800,27.4,3878.8,9896,2813,40.9,5396,2073,3323,4068,314000
"E05000201","Haselbury","Enfield","North",1.8,-0.074462,51.624077,0.33,33.5,1600,27,9083.3,8785,7478,0.6,5906,1892,4035,2974,203500
"E05000202","Highlands","Enfield","North",5.1,-0.109546,51.65746,0.11,15.22,5400,56.5,2558.8,10292,2714,36.7,5672,2168,3528,4118,285000
"E05000203","Jubilee","Enfield","North",3.9,-0.040706,51.63463,0.28,30.56,1800,60.6,3705.1,8498,5857,0.5,5415,1495,3925,3107,214950
"E05000204","Lower Edmonton","Enfield","North",2.2,-0.044843,51.626204,0.34,30.44,2600,40.6,7545.5,8916,7615,0.2,6173,2062,4117,2844,201000
"E05000205","Palmers Green","Enfield","North",1.9,-0.099472,51.619142,0.19,29.51,3200,15.4,8026.3,8892,6270,6.2,5889,2118,3780,3681,273000
"E05000206","Ponders End","Enfield","North",3.5,-0.033241,51.644491,0.34,31.54,6400,44.5,4500,8854,6810,0.5,5759,2600,3187,2691,207000
"E05000207","Southbury","Enfield","North",2.9,-0.06095,51.652993,0.28,29.38,10100,29.3,5034.5,10128,4378,1.3,5642,2217,3433,2981,218500
"E05000208","Southgate","Enfield","North",2.7,-0.123011,51.636219,0.13,18.24,5300,27.2,5370.4,9652,4802,27.5,6063,2970,3095,3733,270000
"E05000209","Southgate Green","Enfield","North",2.6,-0.126556,51.618782,0.15,31.09,2500,20.6,5326.9,8792,4995,34.5,5205,1914,3330,3372,347000
"E05000210","Town","Enfield","North",2.2,-0.078194,51.659113,0.11,21.45,4500,16,6818.2,12355,2551,5.6,6228,1963,4270,4559,279000
"E05000211","Turkey Street","Enfield","North",2.3,-0.045682,51.673902,0.32,25.48,1200,30.5,6282.6,9923,4454,0.9,5460,1806,3661,2842,220000
"E05000212","Upper Edmonton","Enfield","North",2.7,-0.065449,51.611145,0.35,37.14,8000,17.6,6463,8966,8408,0.1,6257,2370,3948,2760,200000
"E05000213","Winchmore Hill","Enfield","North",2.8,-0.104806,51.630105,0.11,26.15,3500,25.2,4821.4,9778,3625,41.2,5434,2206,3264,3754,337475
"E05000214","Abbey Wood","Greenwich","East",2.7,0.113616,51.488239,0.26,29.64,1500,43.9,5833.3,10681,5023,0.2,6052,2292,3761,2680,170250
"E05000215","Blackheath Westcombe","Greenwich","East",2.1,0.016693,51.474706,0.12,38.85,2600,15.5,6166.7,9910,2965,20.7,6250,4228,2152,3110,352475
"E05000216","Charlton","Greenwich","East",2,0.03548,51.48206,0.25,38.58,2400,31.6,7225,9925,4460,1.2,5831,2789,3080,2413,250000
"E05000217","Coldharbour and New Eltham","Greenwich","South",2.5,0.059641,51.433597,0.15,22.93,1400,20,5240,11018,2044,2.9,5222,1287,3944,3404,263000
"E05000218","Eltham North","Greenwich","East",2.6,0.061129,51.458758,0.1,27.48,3400,24.6,4826.9,10776,1743,9.5,5234,1093,4156,3771,250000
"E05000219","Eltham South","Greenwich","East",4.6,0.068984,51.446777,0.14,31.2,5000,54.6,2739.1,10342,2199,13.8,5197,2323,2901,3109,216500
"E05000220","Eltham West","Greenwich","East",2.4,0.036723,51.458943,0.27,40.12,1400,30.5,4354.2,8184,2215,2.2,3859,562,3297,1775,225000
"E05000221","Glyndon","Greenwich","East",1.7,0.080978,51.488509,0.29,31.9,3100,32.6,10735.3,10494,7677,0.1,6831,3545,3336,2200,175000
"E05000222","Greenwich West","Greenwich","East",2.8,-0.008822,51.47791,0.2,43.67,8000,49,5928.6,10782,5745,15,7280,5278,2081,2425,320000
"E05000223","Kidbrooke with Hornfair","Greenwich","East",2.4,0.039177,51.471052,0.23,28.53,1400,28.2,5979.2,10390,3910,3.9,5938,2124,3844,2965,227500
"E05000224","Middle Park and Sutcliffe","Greenwich","South",3.3,0.028122,51.451515,0.22,30.31,2000,37,4106.1,10492,3013,8.6,5690,2366,3327,2820,250000
"E05000225","Peninsula","Greenwich","East",4.5,0.010607,51.493025,0.18,47.03,11100,33.7,3133.3,9409,4642,3.7,6402,3374,3062,2373,310000
"E05000226","Plumstead","Greenwich","East",2.4,0.098791,51.483659,0.23,43.96,1900,41,7000,9763,6973,0,6024,1671,4376,2838,174500
"E05000227","Shooters Hill","Greenwich","East",3.8,0.075143,51.471421,0.15,31.43,2300,57.1,3552.6,10233,3200,2.5,5460,1329,4158,3465,210000
"E05000228","Thamesmead Moorings","Greenwich","East",4.8,0.100483,51.502935,0.28,24.44,4800,55.5,4125,11479,8251,0.2,7003,3222,3812,2500,157000
"E05000229","Woolwich Common","Greenwich","East",2.6,0.061063,51.480878,0.34,31.75,6500,39.4,6750,10186,7313,0.3,6614,4164,2532,1537,170000
"E05000230","Woolwich Riverside","Greenwich","East",3.2,0.052424,51.49235,0.32,30.88,10300,34.9,6000,11581,7539,0.2,8299,6505,1856,1914,215000
"E05000231","Brownswood","Hackney","North",0.8,-0.095268,51.566188,0.26,56.06,1200,28.2,13937.5,6354,4737,6.9,4909,4538,665,1380,298000
"E05000232","Cazenove","Hackney","East",0.7,-0.066826,51.566,0.32,44,1600,12.8,19214.3,8520,4872,12.1,4764,3772,1088,1313,292000
"E05000233","Chatham","Hackney","East",0.9,-0.048077,51.548344,0.34,52.71,6400,20.5,14777.8,7762,5470,0.8,5586,4670,1062,1304,248500
"E05000234","Clissold","Hackney","Central",0.7,-0.083781,51.556659,0.22,47.47,1800,12.3,17500,8310,3902,7.4,5242,3849,1467,2025,345000
"E05000235","Dalston","Hackney","Central",0.9,-0.071213,51.54847,0.32,48.9,4100,17.1,16444.4,8712,6015,2.8,6481,5243,1365,1638,315000
"E05000236","De Beauvoir","Hackney","Central",0.9,-0.081088,51.539621,0.27,55.9,3100,14.2,15222.2,8484,5159,12.6,6063,5037,1101,1753,347500
"E05000237","Hackney Central","Hackney","East",0.8,-0.060448,51.54815,0.33,52.27,6300,14.1,15750,7468,5080,1.9,5554,4663,955,1163,315000
"E05000238","Hackney Downs","Hackney","East",1,-0.062155,51.557675,0.33,50.04,1300,33.8,13000,7814,5107,2.7,5534,4500,1141,1450,275000
"E05000239","Haggerston","Hackney","Central",1.2,-0.075512,51.530331,0.34,61.26,31400,19.1,11625,7519,6385,2.4,6322,5951,426,1128,362500
"E05000240","Hoxton","Hackney","Central",0.8,-0.087929,51.531135,0.34,68.06,13600,27.6,19000,8371,6803,5.2,6763,6596,272,1340,302500
"E05000241","King's Park","Hackney","East",1.8,-0.033293,51.555799,0.38,31.91,800,67.7,6194.4,6289,4809,0,4249,2743,1547,1049,332000
"E05000242","Leabridge","Hackney","East",1.1,-0.05069,51.559215,0.27,42.94,1500,23,12818.2,8327,5712,2.4,5566,3792,1896,1774,249998
"E05000243","Lordship","Hackney","Central",1.2,-0.082574,51.56517,0.31,46.99,2000,33.6,10250,8425,3855,11.7,4568,3562,1134,1399,250000
"E05000244","New River","Hackney","North",1,-0.080993,51.572767,0.35,55.35,3100,28,12600,7500,5051,10.1,4654,3863,946,992,288500
"E05000245","Queensbridge","Hackney","East",1.1,-0.064842,51.539641,0.33,49.33,3300,15.6,12454.5,8441,5229,3.5,5968,4478,1534,1418,325000
"E05000246","Springfield","Hackney","North",1,-0.060816,51.57063,0.35,40.51,1400,26.5,12400,7502,4876,8.2,4391,3375,1076,1019,237500
"E05000247","Stoke Newington Central","Hackney","East",0.7,-0.074259,51.557609,0.24,49.72,3000,13.3,17857.1,7889,4556,2.3,5356,3668,1754,1801,400000
"E05000248","Victoria","Hackney","East",0.8,-0.049097,51.539077,0.31,43.8,2000,20.9,16625,8732,4499,4.4,5667,4348,1375,1458,322750
"E05000249","Wick","Hackney","East",1.6,-0.030773,51.546439,0.36,45.79,2100,29.5,7375,7611,4123,2.3,4771,3422,1482,1149,267750
"E05000250","Addison","Hammersmith and Fulham","West",0.6,-0.219531,51.500351,0.16,51.91,5200,0.3,19166.7,6434,5084,15.7,5565,4793,950,2026,378250
"E05000251","Askew","Hammersmith and Fulham","West",0.8,-0.242108,51.503398,0.23,50.43,1800,3.6,17687.5,8138,6022,15.3,6360,5059,1411,2158,360000
"E05000252","Avonmore and Brook Green","Hammersmith and Fulham","West",0.9,-0.213566,51.49433,0.16,47.31,10300,8.8,13555.6,5844,6372,25.7,5847,5455,673,1996,432500
"E05000253","College Park and Old Oak","Hammersmith and Fulham","West",3.4,-0.237697,51.522034,0.34,34.57,14200,43.8,2691.2,4980,4195,1.4,3755,1877,1928,904,273500
"E05000254","Fulham Broadway","Hammersmith and Fulham","West",0.7,-0.200065,51.483114,0.19,49.24,4000,3.1,15714.3,6169,4827,27.6,5238,3981,1305,1468,499950
"E05000255","Fulham Reach","Hammersmith and Fulham","West",0.9,-0.218821,51.485756,0.15,43.59,8000,20.9,12500,6373,4933,31,4833,3323,1744,1746,450000
"E05000256","Hammersmith Broadway","Hammersmith and Fulham","West",1.1,-0.227589,51.493756,0.21,52.69,26600,9.4,10818.2,7099,4824,21.7,5381,4205,1256,1497,390000
"E05000257","Munster","Hammersmith and Fulham","West",0.6,-0.211739,51.478299,0.11,42.63,2100,8.5,18333.3,6787,4217,36.8,5032,3069,1983,2196,535000
"E05000258","North End","Hammersmith and Fulham","West",0.6,-0.205911,51.48787,0.19,51.59,4800,10.6,19333.3,6034,5555,12.6,5496,5119,626,1598,395000
"E05000259","Palace Riverside","Hammersmith and Fulham","West",1.5,-0.213645,51.472252,0.08,39.86,2500,54.7,5000,4931,2552,47.5,3422,2278,1152,1874,598750
"E05000260","Parsons Green and Walham","Hammersmith and Fulham","West",0.9,-0.194643,51.475733,0.12,47.41,6200,9.8,12000,6680,4133,52.3,4904,2707,2246,2256,1125000
"E05000261","Ravenscourt Park","Hammersmith and Fulham","West",1.2,-0.240675,51.495783,0.18,43.8,5000,16.3,9000,6761,4024,42.1,4910,3078,1927,2143,603225
"E05000262","Sands End","Hammersmith and Fulham","West",1.4,-0.188275,51.470692,0.23,43.29,6800,25,9107.1,7779,4981,39.9,5924,4596,1362,2117,512000
"E05000263","Shepherd's Bush Green","Hammersmith and Fulham","West",1.1,-0.225843,51.506725,0.23,56.22,17700,9.7,11090.9,6423,5752,14.3,5569,4657,1117,1438,322500
"E05000264","Town","Hammersmith and Fulham","West",0.7,-0.203872,51.475613,0.14,51.03,6100,0,16000,6662,4539,33.3,5098,3827,1384,1864,468000
"E05000265","Wormholt and White City","Hammersmith and Fulham","West",0.9,-0.238708,51.510968,0.34,38.14,1000,4.2,14888.9,7360,6029,7.9,5056,3527,1599,1373,375000
"E05000266","Alexandra","Haringey","North",2.6,-0.132931,51.598637,0.1,26.62,1400,52.3,4557.7,8630,3165,45.4,4637,2328,2367,3043,497500
"E05000267","Bounds Green","Haringey","North",1.4,-0.122419,51.605202,0.27,38.14,1900,25.3,9821.4,7075,6650,5,5848,3900,2017,2177,295000
"E05000268","Bruce Grove","Haringey","North",0.9,-0.075921,51.593318,0.34,44.62,1900,4.9,16111.1,6441,8042,0.2,5806,3142,2770,2054,220486
"E05000269","Crouch End","Haringey","North",1.4,-0.129067,51.578074,0.1,38.56,3200,14.2,8892.9,8773,3622,22.1,5834,4513,1467,3002,420000
"E05000270","Fortis Green","Haringey","North",2,-0.154025,51.592414,0.1,29.49,2500,24.6,6275,9053,3435,33.7,5141,2804,2485,2804,400000
"E05000271","Harringay","Haringey","North",1.6,-0.103417,51.578941,0.25,42.83,2200,45.4,8312.5,6746,6526,6.3,5809,4008,2036,2131,305000
"E05000272","Highgate","Haringey","North",2.5,-0.15262,51.576739,0.08,34.29,2900,42.4,4660,7965,3667,33.9,5315,3715,1766,2615,465000
"E05000273","Hornsey","Haringey","North",1.1,-0.118807,51.586527,0.24,36.46,3500,14.5,11545.5,8579,4080,8.3,5760,4144,1707,2359,307500
"E05000274","Muswell Hill","Haringey","North",1.7,-0.137307,51.586389,0.1,29.56,2600,31.2,6352.9,7965,2819,33.4,4447,2475,2147,2647,570000
"E05000275","Noel Park","Haringey","North",1.2,-0.106447,51.594389,0.34,42.62,6800,11.5,11625,6733,7206,1.8,5586,2835,2816,1712,250000
"E05000276","Northumberland Park","Haringey","North",1.9,-0.059809,51.604202,0.43,37.56,6300,23,7605.3,6708,7721,0.7,5808,3939,1969,1344,183000
"E05000277","St Ann's","Haringey","North",1.1,-0.090325,51.582149,0.31,43.08,2600,20,13318.2,6632,8006,0.5,5513,3061,2532,2137,249973
"E05000278","Seven Sisters","Haringey","North",1.3,-0.078949,51.577688,0.32,38.7,3000,23.4,12307.7,8128,7840,2.3,5789,3277,2599,1876,279950
"E05000279","Stroud Green","Haringey","North",1.1,-0.110573,51.57509,0.18,38.63,1100,24.6,10727.3,8079,3679,17,5472,4270,1336,2298,325000
"E05000280","Tottenham Green","Haringey","North",1.4,-0.072639,51.585229,0.36,45.74,4000,10.5,10428.6,6566,8014,0.9,6074,3666,2475,1732,211000
"E05000281","Tottenham Hale","Haringey","North",1.9,-0.059619,51.593661,0.38,38.07,5700,29,7947.4,6998,8066,0.1,5532,3016,2530,1754,200000
"E05000282","West Green","Haringey","North",1.4,-0.090763,51.59223,0.33,38.57,2000,38.2,9571.4,6069,7303,1.4,5323,3111,2295,1788,296000
"E05000283","White Hart Lane","Haringey","North",1.7,-0.084593,51.603627,0.42,34.6,1000,27.8,7911.8,7435,5996,0.7,4901,1413,3493,1500,216000
"E05000284","Woodside","Haringey","North",1.5,-0.1045,51.602332,0.3,39.46,4600,26.8,9700,6653,7861,2.2,5578,3090,2585,2163,270000
"E05000285","Belmont","Harrow","West",1.8,-0.310035,51.604453,0.11,12.88,1400,11,6333.3,6628,4715,17.9,3736,325,3411,3000,367500
"E05000286","Canons","Harrow","West",5.6,-0.305704,51.623013,0.12,16.88,4600,57.3,2241.1,7464,5007,38.8,5043,2245,2803,3259,301250
"E05000287","Edgware","Harrow","West",1.4,-0.279614,51.603144,0.19,20.21,2300,15,8357.1,5065,6588,1.6,3798,842,2962,2375,275000
"E05000288","Greenhill","Harrow","West",1.7,-0.332011,51.582112,0.17,25.02,16600,7.7,7352.9,5871,6549,9.2,5099,3346,1789,2218,235000
"E05000289","Harrow on the Hill","Harrow","West",3.6,-0.339916,51.568295,0.13,24.5,4500,43.4,3430.6,6844,5426,22.3,4780,2465,2326,2482,295000
"E05000290","Harrow Weald","Harrow","West",4.6,-0.34696,51.614436,0.17,16.76,2400,56.3,2489.1,7202,4174,19.2,4283,907,3378,2884,277998
"E05000291","Hatch End","Harrow","West",3.3,-0.371352,51.610132,0.11,12.88,2300,31.1,3257.6,7169,3524,52.1,4100,1094,3014,3008,368500
"E05000292","Headstone North","Harrow","West",3.3,-0.364077,51.594308,0.08,12.16,1800,49.5,3075.8,6354,3739,26.5,3651,615,3036,2916,365000
"E05000293","Headstone South","Harrow","West",1.5,-0.351105,51.586766,0.14,21.63,1700,14.4,7466.7,6213,4922,7.3,4139,1561,2593,2686,272500
"E05000294","Kenton East","Harrow","West",1.3,-0.295119,51.590397,0.19,22.89,1100,7.2,8615.4,4774,6364,1.4,3515,621,2894,2160,297500
"E05000295","Kenton West","Harrow","West",1.8,-0.316139,51.590752,0.13,14.39,3200,17.9,6250,5437,5736,9.5,3448,377,3073,2718,320000
"E05000296","Marlborough","Harrow","West",1.6,-0.334392,51.592857,0.22,23.04,3600,8.3,7718.8,5938,6321,4.4,4406,1952,2470,2463,235000
"E05000297","Pinner","Harrow","West",3.3,-0.38944,51.603151,0.11,10.96,2700,28.6,3060.6,6849,3177,43.4,4201,1549,2661,2852,476000
"E05000298","Pinner South","Harrow","West",2.4,-0.385147,51.585799,0.07,10.11,1800,22.2,4375,7347,3064,40.9,4011,862,3149,3212,400000
"E05000299","Queensbury","Harrow","West",1.6,-0.296363,51.598219,0.16,16.56,1200,23.3,7531.3,5096,6888,2.3,3708,703,3006,2505,283000
"E05000300","Rayners Lane","Harrow","West",1.5,-0.375843,51.57381,0.11,14.45,1900,10.7,7466.7,5790,5334,7.5,3762,620,3142,2750,313500
"E05000301","Roxbourne","Harrow","West",1.5,-0.367728,51.56609,0.23,20.81,1800,15.4,8600,6620,6208,0.8,4626,1761,2866,2236,225500
"E05000302","Roxeth","Harrow","West",1.6,-0.364485,51.559625,0.15,23.13,1400,18.4,7343.8,6021,5642,0.4,3892,818,3074,2529,250000
"E05000303","Stanmore Park","Harrow","West",4.5,-0.324799,51.618134,0.15,13.04,3200,45.8,2511.1,7351,3878,40.8,4541,1581,2960,2892,347500
"E05000304","Wealdstone","Harrow","West",1.2,-0.337109,51.599833,0.25,23.54,2100,3.4,9541.7,6055,5339,0.8,4001,1289,2731,2205,250000
"E05000305","West Harrow","Harrow","West",1.5,-0.357322,51.577786,0.15,18.15,2400,19.7,6966.7,5919,4454,5.7,3784,1002,2794,2472,315000
"E05000306","Brooklands","Havering","East",4.2,0.165104,51.572884,0.15,26.36,8700,44.9,3571.4,12360,2597,0.6,6222,2008,4226,3938,201000
"E05000307","Cranham","Havering","East",6.6,0.264626,51.569873,0.06,10.52,1500,55.9,1901.5,11771,757,19.1,5275,718,4557,4565,258500
"E05000308","Elm Park","Havering","East",3.7,0.197109,51.542086,0.14,18.76,900,55.7,3378.4,11103,1363,0.4,5205,937,4268,3883,200000
"E05000309","Emerson Park","Havering","East",4.6,0.231768,51.575109,0.06,10.92,1700,31.2,2608.7,10612,1365,40.7,4689,519,4171,4097,310000
"E05000310","Gooshays","Havering","East",7.8,0.231189,51.614933,0.27,23.07,2200,68.4,1891,13115,1577,1.1,6094,1712,4388,2945,168000
"E05000311","Hacton","Havering","East",2.5,0.219022,51.550492,0.07,14.62,2200,24.1,4920,11365,897,5.1,5052,544,4508,4317,250000
"E05000312","Harold Wood","Havering","East",7.6,0.246604,51.592288,0.13,17.84,6200,60.7,1671.1,11461,1189,4.5,5615,1238,4390,3947,214000
"E05000313","Havering Park","Havering","East",9.8,0.17436,51.61299,0.17,13.28,1500,75.3,1331.6,11819,1181,3.2,5181,1069,4112,3613,208000
"E05000314","Heaton","Havering","East",3.4,0.208889,51.604726,0.25,16.87,1700,45.3,3705.9,10940,1630,1,5395,1477,3918,2858,165000
"E05000315","Hylands","Havering","East",2.9,0.198345,51.563509,0.08,13.82,3600,26,4482.8,11926,1026,9.2,5075,534,4541,4236,235000
"E05000316","Mawneys","Havering","East",3,0.160069,51.591444,0.12,21.85,1700,32.1,4316.7,11714,1201,1,5379,936,4445,4126,199000
"E05000317","Pettits","Havering","East",4,0.186575,51.592557,0.08,13.43,2100,32.4,3250,11998,957,19.4,5222,575,4664,4466,250000
"E05000318","Rainham and Wennington","Havering","East",16.9,0.207713,51.509742,0.13,14.9,4400,79,739.6,11124,1358,4.2,5092,773,4319,3861,195000
"E05000319","Romford Town","Havering","East",2.9,0.18869,51.577257,0.12,28.54,16600,8.1,5500,13281,2640,7.2,7351,3398,4000,4511,201200
"E05000320","St Andrew's","Havering","East",2.7,0.217465,51.559785,0.1,22.62,5100,18.8,4963,12301,1033,6.1,5827,1725,4108,4280,233500
"E05000321","South Hornchurch","Havering","East",6.8,0.180055,51.523513,0.16,19.13,3800,45,2000,11945,1599,1.1,5592,1388,4206,3830,187500
"E05000322","Squirrel's Heath","Havering","East",2.6,0.212492,51.582627,0.08,20.46,2100,16.7,5096.2,11953,1241,19.1,5701,1740,3961,4252,249250
"E05000323","Upminster","Havering","East",22.5,0.272793,51.54525,0.04,14.46,4000,82,571.1,12052,781,36.4,5217,605,4612,4559,345000
"E05000324","Barnhill","Hillingdon","West",2.1,-0.407151,51.525194,0.21,24.78,1400,27.8,6452.4,7346,6103,0.3,4426,1172,3259,2538,225000
"E05000325","Botwell","Hillingdon","West",4.4,-0.433141,51.51233,0.24,26.27,11300,32.2,3431.8,8608,6426,1.2,5074,1422,3663,2661,190000
"E05000326","Brunel","Hillingdon","West",3.3,-0.464129,51.528144,0.17,22.3,8300,40.5,4212.1,9788,4053,8.8,4587,1348,3272,2535,226750
"E05000327","Cavendish","Hillingdon","West",2,-0.396547,51.570323,0.08,11.44,2100,17.7,5850,9711,1947,10.2,4536,599,3940,3668,320000
"E05000328","Charville","Hillingdon","West",3,-0.426788,51.532274,0.14,19.49,2600,44.9,4233.3,8827,3795,0.9,4486,810,3677,3184,220500
"E05000329","Eastcote and East Ruislip","Hillingdon","West",4.1,-0.412299,51.583178,0.05,13.54,2200,33.4,2975.6,10013,2129,57.3,4875,795,4080,3978,399998
"E05000330","Harefield","Hillingdon","West",15.2,-0.476235,51.598469,0.14,14.53,3800,85.5,490.1,6418,981,16.4,3132,719,2413,1945,243000
"E05000331","Heathrow Villages","Hillingdon","West",23.5,-0.458741,51.477272,0.16,31.99,56700,31.4,523.4,6931,5268,1.9,4704,1775,2929,2236,230000
"E05000332","Hillingdon East","Hillingdon","West",3.6,-0.437915,51.542509,0.13,22.42,5100,48.1,3611.1,9902,3004,2,4659,689,3972,3173,249225
"E05000333","Ickenham","Hillingdon","West",6.2,-0.460352,51.564814,0.04,8.43,2000,55.7,1685.5,8733,1654,56.3,4059,382,3677,3393,389500
"E05000334","Manor","Hillingdon","West",2,-0.413917,51.568642,0.07,17.23,1500,18,5750,9590,1852,10.6,4634,864,3771,3685,275000
"E05000335","Northwood","Hillingdon","West",7.4,-0.436683,51.60579,0.08,11.02,5200,61,1425.7,7142,3327,44.3,4916,2157,2767,2959,345000
"E05000336","Northwood Hills","Hillingdon","West",3.3,-0.409594,51.598839,0.11,14.3,2300,33.3,3530.3,8348,3230,23.5,4844,1438,3409,3149,356000
"E05000337","Pinkwell","Hillingdon","West",2.7,-0.433462,51.498579,0.21,25.13,2500,26.9,5500,8076,6691,0.2,4737,907,3830,2734,233000
"E05000338","South Ruislip","Hillingdon","West",7.4,-0.408674,51.555176,0.12,18.46,5100,62.8,1682.4,9495,2869,4,4802,1280,3522,3266,250000
"E05000339","Townfield","Hillingdon","West",3.5,-0.409731,51.511524,0.24,24.83,6500,30.8,4057.1,7795,6311,1.4,4751,1553,3203,2195,250000
"E05000340","Uxbridge North","Hillingdon","West",4.6,-0.464629,51.546981,0.09,17.01,10900,34.5,2630.4,9232,2816,31.9,5132,1347,3785,3228,235000
"E05000341","Uxbridge South","Hillingdon","West",3.1,-0.484445,51.535048,0.14,20.33,38900,26.2,4532.3,9666,4313,7.8,5112,2108,3011,2520,198500
"E05000342","West Drayton","Hillingdon","West",3.5,-0.470326,51.50266,0.23,22.85,2000,32,4128.6,10401,3969,5.3,5609,1820,3793,2918,220000
"E05000343","West Ruislip","Hillingdon","West",4.4,-0.437987,51.581102,0.08,13.16,4200,49.5,2431.8,8663,1948,28,4798,1573,3225,3172,305000
"E05000344","Yeading","Hillingdon","West",2.3,-0.389108,51.523197,0.23,19.11,1300,33.3,5934.8,7788,5798,3.4,4853,1459,3394,2663,220000
"E05000345","Yiewsley","Hillingdon","West",4,-0.466115,51.515998,0.21,19.28,7800,41.3,3262.5,9386,3593,0.7,5181,1905,3276,2491,218250
"E05000346","Bedfont","Hounslow","West",4.4,-0.439945,51.450406,0.19,23.08,7800,52.5,2897.7,8763,3938,1.3,5045,1680,3366,2699,200000
"E05000347","Brentford","Hounslow","West",3.2,-0.301699,51.492722,0.21,31.04,11300,42.9,4500,8854,5499,6.2,6096,3662,2454,2541,290000
"E05000348","Chiswick Homefields","Hounslow","West",2.3,-0.254333,51.483942,0.09,30.28,5900,42.2,4956.5,7492,3854,45.8,4993,2661,2390,2638,599975
"E05000349","Chiswick Riverside","Hounslow","West",2.1,-0.270523,51.483333,0.12,26.8,1600,35.2,5523.8,8047,3496,42.8,5271,2885,2404,2865,500000
"E05000350","Cranford","Hounslow","West",2.7,-0.404874,51.473493,0.22,27.3,5700,26.6,4574.1,5401,6929,1.5,4002,1380,2626,1748,248000
"E05000351","Feltham North","Hounslow","West",3.4,-0.410766,51.45769,0.2,25.5,5900,36.4,3411.8,7437,4126,0.8,4304,1213,3097,2539,219250
"E05000352","Feltham West","Hounslow","West",3.2,-0.428102,51.439258,0.19,17.81,4600,41.4,4875,10518,5023,0.1,5883,2368,3527,2982,196000
"E05000353","Hanworth","Hounslow","West",3.3,-0.391465,51.432512,0.26,27.12,3600,45.3,3697,8641,3514,1,4725,1791,2942,2266,205000
"E05000354","Hanworth Park","Hounslow","West",3.6,-0.402297,51.440403,0.16,26.48,8800,41.4,3180.6,8158,3250,3.7,4567,1532,3044,2843,225500
"E05000355","Heston Central","Hounslow","West",1.7,-0.380811,51.478877,0.19,28.85,1200,15.8,7264.7,5570,6718,4.4,3932,1230,2706,2199,262500
"E05000356","Heston East","Hounslow","West",2,-0.370407,51.483989,0.17,21.5,2900,27.1,6175,5355,6964,8.3,4062,1308,2757,2297,250000
"E05000357","Heston West","Hounslow","West",3.8,-0.397365,51.488043,0.25,23.78,4000,39.1,3276.3,6085,6353,0.4,4069,1600,2471,1898,180000
"E05000358","Hounslow Central","Hounslow","West",1.7,-0.356658,51.471037,0.12,28.64,11600,11.1,8970.6,5391,9778,3.9,5481,2829,2690,2336,239500
"E05000359","Hounslow Heath","Hounslow","West",2.8,-0.381281,51.459009,0.18,28.56,3300,48.7,5285.7,6183,8544,2.4,4960,2043,2986,2302,205500
"E05000360","Hounslow South","Hounslow","West",1.8,-0.350078,51.463037,0.09,18.24,900,17.9,6361.1,6991,4417,1.7,4000,617,3391,2957,277000
"E05000361","Hounslow West","Hounslow","West",1.6,-0.383126,51.468388,0.16,28.77,3900,10.2,7937.5,4735,7923,3.2,4007,1402,2621,1954,239000
"E05000362","Isleworth","Hounslow","West",2,-0.331609,51.464883,0.23,21.54,4700,22.6,6000,7927,4050,3.9,4974,2530,2457,2229,246250
"E05000363","Osterley and Spring Grove","Hounslow","West",6.3,-0.34427,51.48671,0.09,23.9,13300,54.2,2079.4,7035,5996,29.3,4876,2059,2838,3051,297475
"E05000364","Syon","Hounslow","West",2.9,-0.317107,51.478947,0.22,24.67,7600,42.5,4689.7,8585,4969,7.6,5971,3501,2481,2756,286750
"E05000365","Turnham Green","Hounslow","West",1.8,-0.270449,51.49287,0.1,38.13,17800,7.4,6388.9,6876,4572,32.5,5674,3634,2101,2707,375000
"E05000366","Barnsbury","Islington","Central",0.8,-0.111097,51.537358,0.22,41.12,6400,11,15250,7872,4329,22.2,5838,4745,1148,1826,430000
"E05000367","Bunhill","Islington","Central",1.1,-0.094602,51.524921,0.24,44.07,63700,13.5,13272.7,8503,6136,20.2,7299,7192,174,1471,445000
"E05000368","Caledonian","Islington","Central",1.1,-0.118975,51.54048,0.3,34.5,14900,16.4,12636.4,8714,5182,9.1,6328,5260,1147,1493,345000
"E05000369","Canonbury","Islington","Central",0.8,-0.0912,51.543393,0.29,46.61,1300,14.4,15125,8487,3585,14.3,5818,4846,1029,1678,403000
"E05000370","Clerkenwell","Islington","Central",0.9,-0.108128,51.52655,0.21,50.95,43900,9.3,12777.8,7061,4429,24,5663,5186,547,1565,455000
"E05000371","Finsbury Park","Islington","North",0.9,-0.113609,51.561804,0.31,46.24,6100,15.9,16000,8387,5971,9.4,6367,5365,1128,1453,315000
"E05000372","Highbury East","Islington","Central",1,-0.098375,51.553105,0.19,47.39,3100,21.6,11650,8044,3590,26.5,5345,3982,1409,2183,446500
"E05000373","Highbury West","Islington","Central",1.1,-0.105633,51.55693,0.24,46.76,4700,10.5,13681.8,9841,5189,16.5,7300,5817,1559,2246,400000
"E05000374","Hillrise","Islington","North",0.8,-0.128221,51.570669,0.29,31.2,1200,18.3,14750,7916,3878,14.6,5142,3990,1219,1699,375000
"E05000375","Holloway","Islington","Central",1,-0.11933,51.550783,0.28,42.17,4000,16.9,15000,9043,5940,6.7,6803,5981,931,1709,328500
"E05000376","Junction","Islington","North",1,-0.135035,51.563071,0.25,48.13,8400,16.6,12050,7855,4170,11.2,5771,4813,1069,1689,334975
"E05000377","Mildmay","Islington","Central",0.8,-0.086781,51.549558,0.29,51.67,1400,10.4,16187.5,8553,4364,10.5,5985,5127,937,1664,372500
"E05000378","St George's","Islington","Central",0.8,-0.128123,51.555804,0.23,43.74,2300,8.1,15500,8337,4063,14.2,5453,4634,993,1875,345000
"E05000379","St Mary's","Islington","Central",0.9,-0.104311,51.542235,0.23,49.15,11100,9.6,12888.9,7728,3825,20,5911,4796,1163,1516,523500
"E05000380","St Peter's","Islington","Central",0.8,-0.097249,51.535345,0.25,38.34,6300,10.4,14812.5,8035,3787,26.6,5693,4202,1538,1884,502500
"E05000381","Tollington","Islington","North",0.8,-0.119775,51.567068,0.28,43.89,2000,13.3,16625,8719,4592,7.8,6156,4920,1349,1820,340000
"E05000382","Abingdon","Kensington and Chelsea","West",0.6,-0.197522,51.496405,0.08,50.92,6900,5.9,16583.3,4045,5968,65.9,5138,4453,946,2033,825000
"E05000383","Brompton","Kensington and Chelsea","Central",1,-0.169978,51.495827,0.05,55.29,22200,10.8,8800,3383,5456,81.1,5562,4904,936,1618,1200000
"E05000384","Campden","Kensington and Chelsea","Central",0.9,-0.193716,51.505644,0.05,47.99,7600,27.9,9055.6,3863,4315,76.6,4500,3388,1162,1884,1100000
"E05000385","Colville","Kensington and Chelsea","Central",0.4,-0.204839,51.51632,0.21,63.56,3500,10.5,20875,4657,3720,24.6,4570,4242,459,1132,652500
"E05000386","Courtfield","Kensington and Chelsea","Central",0.5,-0.183217,51.492062,0.05,52.78,4400,13.3,17800,3447,5486,71.5,4729,4495,610,1792,863750
"E05000387","Cremorne","Kensington and Chelsea","West",0.6,-0.176333,51.481669,0.2,59.25,3000,29.2,13250,4430,3534,37,4172,3609,621,1335,720000
"E05000388","Earl's Court","Kensington and Chelsea","West",0.5,-0.195544,51.491248,0.14,61.93,4600,10,18100,3549,5555,30.5,4780,4884,323,1557,530000
"E05000389","Golborne","Kensington and Chelsea","West",0.9,-0.213805,51.524558,0.33,54.85,4400,34.6,9888.9,4821,4116,4.7,4079,3830,344,563,385250
"E05000390","Hans Town","Kensington and Chelsea","Central",0.6,-0.162315,51.493602,0.07,43.77,7300,8.5,14583.3,3908,4884,62.1,6471,5472,1081,1728,1200000
"E05000391","Holland","Kensington and Chelsea","West",1,-0.206298,51.501827,0.09,47.84,3600,28.2,9750,4230,5537,65.1,4782,3931,1055,2070,781290
"E05000392","Norland","Kensington and Chelsea","West",0.7,-0.211346,51.509718,0.16,44,4500,15.3,12357.1,5145,3530,42.7,4367,3100,1308,1480,620000
"E05000393","Notting Barns","Kensington and Chelsea","West",0.6,-0.217425,51.515829,0.3,46.29,4000,9.3,15833.3,5566,3971,15.2,4192,3562,675,1082,488050
"E05000394","Pembridge","Kensington and Chelsea","Central",0.5,-0.199273,51.511473,0.07,56.04,3800,11.9,15300,3740,3919,55.6,4093,3665,753,1645,825000
"E05000395","Queen's Gate","Kensington and Chelsea","Central",0.6,-0.185642,51.498631,0.03,49.03,11600,5.8,16333.3,3626,6221,81.2,5411,4819,826,2050,1000000
"E05000396","Redcliffe","Kensington and Chelsea","West",0.7,-0.187379,51.486882,0.1,51.66,2500,28.4,13142.9,4308,4937,53.9,5083,4367,835,2209,680000
"E05000397","Royal Hospital","Kensington and Chelsea","Central",0.9,-0.159961,51.486847,0.05,49.81,4900,43.1,8055.6,4004,3248,74.1,4131,3208,958,1698,895000
"E05000398","St Charles","Kensington and Chelsea","West",0.7,-0.219552,51.521938,0.29,47.48,2400,21.9,13285.7,5816,3527,15.5,4223,3649,707,1001,450000
"E05000399","Stanley","Kensington and Chelsea","West",0.7,-0.176509,51.486129,0.07,46.11,13400,9.1,11642.9,4200,3987,63.8,4515,3281,1247,1830,900000
"E05000400","Alexandra","Kingston upon Thames","South",2.7,-0.275273,51.383887,0.07,18.35,2700,43.5,3425.9,6731,2515,15.5,3443,447,2996,2736,327000
"E05000401","Berrylands","Kingston upon Thames","South",1.5,-0.289457,51.392646,0.08,30.14,1700,10.8,6300,7165,2272,20.4,4382,2435,2012,2362,292500
"E05000402","Beverley","Kingston upon Thames","South",1.9,-0.258938,51.40274,0.1,24.99,4600,26.5,5342.1,6830,3279,18.3,4033,1231,2816,2550,310000
"E05000403","Canbury","Kingston upon Thames","South",1.2,-0.294663,51.416852,0.08,32.56,4000,7,10333.3,8976,3397,20.4,5262,2514,2803,2844,339325
"E05000404","Chessington North and Hook","Kingston upon Thames","South",1.9,-0.305369,51.368154,0.11,15.84,1900,27.5,4605.3,7236,1505,2.3,3413,594,2836,2547,248000
"E05000405","Chessington South","Kingston upon Thames","South",7.6,-0.312027,51.347966,0.09,15.02,4500,75.7,1348.7,8772,1460,6.6,4112,863,3249,3149,249950
"E05000406","Coombe Hill","Kingston upon Thames","South",4.4,-0.264684,51.421768,0.08,19.28,6600,42.1,2352.3,6153,4204,47.3,3814,1614,2224,2258,480000
"E05000407","Coombe Vale","Kingston upon Thames","South",1.6,-0.267391,51.409241,0.07,20.88,2200,11,6093.8,6488,3262,30,3699,763,2937,2623,359000
"E05000408","Grove","Kingston upon Thames","South",1.9,-0.29991,51.404674,0.1,36.73,23500,23.6,5763.2,7512,3443,19,5015,3472,1622,2355,305000
"E05000409","Norbiton","Kingston upon Thames","South",1.3,-0.285584,51.407603,0.18,36.9,3700,34.5,7807.7,6662,3445,8.4,4153,2035,2127,1755,285500
"E05000410","Old Malden","Kingston upon Thames","South",1.8,-0.255442,51.385014,0.09,18.21,900,21.6,5250,6853,2578,32.8,3641,676,2969,2764,370000
"E05000411","St James","Kingston upon Thames","South",2.2,-0.25645,51.393262,0.08,21.58,1700,28.2,4090.9,5623,3346,29.8,3382,550,2842,2503,335000
"E05000412","St Mark's","Kingston upon Thames","South",1.4,-0.301692,51.396049,0.05,44.4,3800,23.9,7464.3,7428,3055,12,4468,3232,1376,2364,291000
"E05000413","Surbiton Hill","Kingston upon Thames","South",1.7,-0.301322,51.384811,0.07,37.02,1900,5.8,6176.5,7842,2617,21,4719,2753,2023,2813,270000
"E05000414","Tolworth and Hook Rise","Kingston upon Thames","South",2.6,-0.289905,51.374269,0.1,25.42,5500,33.1,3788.5,7264,2569,3.1,3822,855,2981,2690,250000
"E05000415","Tudor","Kingston upon Thames","South",1.6,-0.301319,51.424963,0.06,16.63,1800,22.7,6000,7285,2293,32.8,3840,961,2885,2883,440500
"E05000416","Bishop's","Lambeth","Central",1.5,-0.114727,51.501519,0.17,50.92,37500,31.6,6466.7,5518,4157,29.2,4902,4399,528,1026,402500
"E05000417","Brixton Hill","Lambeth","Central",1.1,-0.123891,51.452839,0.22,47.97,4300,13.1,14454.5,9910,5932,5.1,6847,5170,1777,2376,284000
"E05000418","Clapham Common","Lambeth","Central",1.3,-0.139682,51.456287,0.13,43.9,7900,27.9,9961.5,8545,4307,24.6,5430,3783,1742,2337,455000
"E05000419","Clapham Town","Lambeth","Central",1.1,-0.141683,51.46522,0.17,49,5200,13.2,12636.4,8943,4852,15.3,6313,4751,1597,2174,354508
"E05000420","Coldharbour","Lambeth","Central",1.2,-0.108506,51.463724,0.31,49.52,4500,14.4,14041.7,9455,7329,2.6,7145,5787,1486,1273,270000
"E05000421","Ferndale","Lambeth","Central",0.9,-0.121626,51.463837,0.2,49.84,3500,10.2,16777.8,8771,6261,6.1,6571,5321,1389,1809,333860
"E05000422","Gipsy Hill","Lambeth","Central",1.6,-0.092005,51.427422,0.23,40.26,1700,25.7,8593.8,9511,4201,4.6,6076,3774,2328,2281,246000
"E05000423","Herne Hill","Lambeth","Central",2,-0.10131,51.45893,0.18,44.68,10300,37.9,7575,9773,5334,12.4,6598,4502,2186,2480,330000
"E05000424","Knight's Hill","Lambeth","Central",1.5,-0.107899,51.429287,0.24,35.74,3000,13.3,9866.7,9552,5211,7.2,6204,3583,2666,2648,246000
"E05000425","Larkhall","Lambeth","Central",1.1,-0.128825,51.468797,0.23,51.92,3700,20,15727.3,9972,7271,6.3,7166,6113,1191,1954,335000
"E05000426","Oval","Lambeth","Central",1.3,-0.118214,51.482613,0.19,56.54,14100,24.9,11692.3,8666,6440,16.8,7201,6406,937,2050,360000
"E05000427","Prince's","Lambeth","Central",1.2,-0.114857,51.490178,0.25,48.95,11600,20.7,11958.3,8769,5493,14.8,7067,6088,1030,2102,356250
"E05000428","St Leonard's","Lambeth","Central",1.4,-0.133502,51.42983,0.18,55.02,3600,13.2,10428.6,8666,5884,17,6333,4585,1964,2501,245998
"E05000429","Stockwell","Lambeth","Central",0.9,-0.124396,51.47494,0.23,59.98,2400,13.2,16500,8141,6636,8.4,6396,5695,887,1695,331500
"E05000430","Streatham Hill","Lambeth","Central",1.3,-0.1222,51.440759,0.18,48.66,1600,14.2,11000,8867,5396,11.4,6094,4416,1804,2557,261250
"E05000431","Streatham South","Lambeth","Central",1.7,-0.130382,51.41738,0.2,36.97,1300,26.6,8470.6,7958,6378,11.3,5439,1913,3643,2933,242000
"E05000432","Streatham Wells","Lambeth","Central",1.5,-0.121877,51.42998,0.2,42.69,2200,18.3,9966.7,8762,6144,9.1,6466,4605,1983,2701,227500
"E05000433","Thornton","Lambeth","Central",1.1,-0.136736,51.44703,0.19,46.89,1200,22.4,11454.5,7891,4635,9,5117,3695,1436,1956,420000
"E05000434","Thurlow Park","Lambeth","Central",1.5,-0.10069,51.441208,0.17,42.28,2000,19.7,9133.3,9503,4138,14,5970,3632,2391,2516,305000
"E05000435","Tulse Hill","Lambeth","Central",1,-0.115293,51.449611,0.27,42.91,1400,16.6,15850,9678,6093,7,6695,5098,1660,2058,250000
"E05000436","Vassall","Lambeth","Central",1.1,-0.109136,51.474858,0.28,41.77,4400,16.8,12909.1,8486,5657,6.7,6183,4859,1431,1445,318750
"E05000437","Bellingham","Lewisham","South",3.1,-0.025053,51.427798,0.29,32.33,3800,46.7,4790.3,10401,4374,0.2,6169,2715,3463,2523,205000
"E05000438","Blackheath","Lewisham","East",2.3,0.001015,51.466669,0.17,40.58,4300,34.6,6130.4,9925,4114,15.8,6532,4593,1978,2790,350000
"E05000439","Brockley","Lewisham","East",1.7,-0.030203,51.469233,0.19,46.84,4200,13.5,10117.6,10841,6315,2.5,7497,5459,2136,2461,250000
"E05000440","Catford South","Lewisham","East",1.9,-0.008656,51.439343,0.16,32.66,2800,3,8026.3,10315,4899,6.6,5740,1766,4035,3794,242000
"E05000441","Crofton Park","Lewisham","Central",1.7,-0.038744,51.449226,0.15,43.8,1900,20.7,8823.5,10444,4493,0.9,6389,2762,3649,3538,280000
"E05000442","Downham","Lewisham","South",2.4,0.00165,51.424363,0.29,31.53,1800,30.1,6083.3,10949,3618,1.3,6145,1417,4734,2729,184250
"E05000443","Evelyn","Lewisham","Central",1.8,-0.035018,51.48641,0.32,40.12,2200,22.6,9250,9173,7430,0.2,6973,5610,1433,1390,188000
"E05000444","Forest Hill","Lewisham","Central",1.8,-0.058118,51.440545,0.18,38.61,2500,22.2,8277.8,10227,4627,8.1,6617,4352,2309,3130,242500
"E05000445","Grove Park","Lewisham","South",2.4,0.023273,51.435913,0.21,23.55,1600,21.6,6125,10704,3944,3.8,6294,2362,3963,3373,214000
"E05000446","Ladywell","Lewisham","East",1.6,-0.025529,51.459003,0.15,38.39,1200,25.6,9093.8,9372,5143,3,5840,2809,3060,2864,277500
"E05000447","Lee Green","Lewisham","East",1.8,0.007098,51.452496,0.16,36.42,2400,11.9,8138.9,10362,4211,5.6,6339,3131,3349,3453,284000
"E05000448","Lewisham Central","Lewisham","East",2.1,-0.009589,51.45599,0.21,49.56,11400,13.6,8333.3,10264,7182,1.2,7861,5525,2415,2928,200000
"E05000449","New Cross","Lewisham","Central",1.8,-0.039985,51.479659,0.24,43.11,5800,16.6,8777.8,8421,7335,0.1,6639,4923,1796,1768,218500
"E05000450","Perry Vale","Lewisham","East",1.7,-0.044415,51.436388,0.2,43.4,1100,9.7,9235.3,10858,4760,4.7,6785,3864,2994,3321,255000
"E05000451","Rushey Green","Lewisham","East",1.8,-0.020621,51.445939,0.21,52.83,6600,24.1,8333.3,9248,5668,1.4,6328,3685,2693,2620,205000
"E05000452","Sydenham","Lewisham","Central",1.7,-0.056755,51.427466,0.23,40.05,2100,13.1,9235.3,10893,4712,4.3,6936,4369,2602,2952,247000
"E05000453","Telegraph Hill","Lewisham","Central",1.5,-0.044411,51.467499,0.21,37.88,2000,16.1,10966.7,10356,6058,5.8,6926,4645,2375,2277,241500
"E05000454","Whitefoot","Lewisham","East",2.2,0.000226,51.433248,0.26,29.33,1000,27.9,6500,10046,4203,0.2,5641,1772,3874,2753,195000
"E05000455","Abbey","Merton","South",1.4,-0.191113,51.414083,0.1,41.28,10300,12.8,7392.9,6371,3952,5.3,4673,2406,2294,2249,375000
"E05000456","Cannon Hill","Merton","South",2.2,-0.214481,51.400853,0.08,24.22,1100,42.7,4227.3,6508,2741,5.2,3515,510,3019,2768,335000
"E05000457","Colliers Wood","Merton","South",1.1,-0.173899,51.418177,0.13,46.26,3000,14.5,9772.7,5658,5054,0.4,4528,2519,2019,2208,240500
"E05000458","Cricket Green","Merton","South",3,-0.164028,51.397747,0.24,36.1,5200,50,3833.3,6943,4531,2,4388,2076,2326,1870,187375
"E05000459","Dundonald","Merton","South",1.2,-0.213243,51.413514,0.04,33.21,5300,15.2,7750,5969,3306,10.9,4099,1431,2678,2482,392675
"E05000460","Figge's Marsh","Merton","South",1.1,-0.157783,51.408049,0.21,46.43,1700,23,10272.7,6195,5045,0.3,4323,2155,2208,2054,210000
"E05000461","Graveney","Merton","Central",0.9,-0.153364,51.41693,0.12,31.4,1100,12.3,10944.4,4508,5308,0.1,3635,1013,2626,2156,249500
"E05000462","Hillside","Merton","South",1.2,-0.213313,51.420455,0.05,32.47,7900,5.7,7500,5240,3737,35.9,4439,3142,1378,2142,400000
"E05000463","Lavender Fields","Merton","South",1.2,-0.17134,51.411187,0.17,28.3,1300,19,8625,5542,4731,1.9,4096,1690,2417,1957,210000
"E05000464","Longthornton","Merton","Central",1.5,-0.141509,51.407785,0.15,22.59,900,36.6,6700,5814,4210,0.1,3816,810,3007,2567,228500
"E05000465","Lower Morden","Merton","South",1.8,-0.222183,51.388412,0.08,17.89,1700,34.3,5083.3,7083,2007,4.2,3505,696,2811,2920,250000
"E05000466","Merton Park","Merton","South",1.8,-0.200984,51.406337,0.06,29.4,3300,18.9,5305.6,6118,3367,29.8,3769,1106,2663,2649,394000
"E05000467","Pollards Hill","Merton","South",2.2,-0.140422,51.398179,0.19,22.03,700,52.8,4704.5,6590,3697,0.2,3785,822,2964,2280,220000
"E05000468","Ravensbury","Merton","South",1.8,-0.182022,51.396186,0.21,40.73,1800,37.8,5555.6,6380,3588,1.9,3864,1145,2719,2125,219950
"E05000469","Raynes Park","Merton","South",1.9,-0.235436,51.4109,0.08,30.18,3300,24.4,5157.9,6485,3253,35,4323,2157,2168,2590,364351
"E05000470","St Helier","Merton","South",1.8,-0.198863,51.392153,0.19,47.28,1600,41.6,5805.6,6977,3437,0.5,4037,1016,3024,2158,209995
"E05000471","Trinity","Merton","South",1.1,-0.191805,51.422103,0.08,30.98,6400,15.7,8954.5,6262,3536,15.1,4380,2268,2127,2303,360000
"E05000472","Village","Merton","South",6.2,-0.231471,51.427269,0.03,19.71,4500,62.2,1371,5602,2889,74.6,3651,1228,2442,2388,960000
"E05000473","West Barnes","Merton","South",2,-0.235041,51.398319,0.08,19.75,3800,32.3,4950,6537,3325,7.3,3695,708,3003,2787,327000
"E05000474","Wimbledon Park","Merton","South",2.3,-0.197256,51.432541,0.06,27.42,4600,28.5,4891.3,7508,3689,28.3,4398,1741,2678,2707,580000
"E05000475","Beckton","Newham","East",6.3,0.072356,51.515518,0.32,23.29,9700,30.9,2420.6,7619,7522,2.2,5457,2200,3268,1667,242000
"E05000476","Boleyn","Newham","East",0.9,0.041392,51.531089,0.34,46.16,2300,6.1,17888.9,7227,8755,0,4959,1732,3236,2067,214000
"E05000477","Canning Town North","Newham","East",2.5,0.007276,51.522404,0.39,36.59,7300,21.7,5960,7720,7090,0.1,5560,3137,2432,1336,187500
"E05000478","Canning Town South","Newham","East",1.8,0.01678,51.512473,0.38,42.44,2000,26.6,8972.2,8398,7598,5.1,6526,4551,2018,1442,200000
"E05000479","Custom House","Newham","East",2.1,0.035206,51.512079,0.34,24.46,2600,30.6,6428.6,7127,6284,0,4908,1873,3036,1607,195000
"E05000480","East Ham Central","Newham","East",1,0.051822,51.532654,0.31,53.27,4000,10.9,16050,6146,9771,0,4710,1514,3203,2021,212000
"E05000481","East Ham North","Newham","East",0.9,0.051232,51.542546,0.35,42.4,1600,12.3,15500,5517,8349,0.3,3706,1200,2511,1708,229500
"E05000482","East Ham South","Newham","East",1.8,0.058803,51.524773,0.33,39.39,2100,23.5,8722.2,8319,7256,0.1,5086,1805,3291,2124,190000
"E05000483","Forest Gate North","Newham","East",1.2,0.019826,51.551417,0.29,34.43,1400,13.8,13666.7,8054,8203,0.1,5815,2642,3198,2168,220000
"E05000484","Forest Gate South","Newham","East",1.2,0.020009,51.545695,0.3,50.53,3300,2.2,14583.3,7853,9509,1.5,5820,3414,2484,1842,227750
"E05000485","Green Street East","Newham","East",0.7,0.037016,51.541865,0.29,41.99,1600,2.4,22857.1,6007,9878,0.1,4299,1456,2871,1870,210000
"E05000486","Green Street West","Newham","East",0.8,0.028509,51.540029,0.32,41.7,3400,3.2,19062.5,5873,9240,0.2,4145,1508,2653,1799,233750
"E05000487","Little Ilford","Newham","East",1.9,0.05691,51.553763,0.38,45.32,1700,48.6,8815.8,7565,9068,0.1,5164,2441,2739,1729,181000
"E05000488","Manor Park","Newham","East",1.3,0.044292,51.549966,0.35,47.75,1600,26.6,11884.6,6715,8603,0.7,4659,2045,2630,1842,210000
"E05000489","Plaistow North","Newham","East",1,0.023101,51.531805,0.33,37.38,1700,10.3,15600,7406,8064,0,5186,2715,2491,1613,195000
"E05000490","Plaistow South","Newham","East",1.4,0.032409,51.524056,0.33,49.14,4700,14.5,11821.4,7928,8476,0.1,5509,1605,3927,2338,192000
"E05000491","Royal Docks","Newham","East",4.8,0.0465,51.501767,0.32,26.9,5900,57.8,2250,5525,5154,4.6,4473,3382,1100,1175,242000
"E05000492","Stratford and New Town","Newham","East",4.2,-0.006058,51.539975,0.32,48.34,15000,11.2,4261.9,8010,9758,0.2,7517,5284,2283,1810,228000
"E05000493","Wall End","Newham","East",1.4,0.063125,51.536324,0.3,37.42,1000,33.9,10678.6,5965,8881,0,4207,1116,3106,1870,220000
"E05000494","West Ham","Newham","East",1.3,0.011387,51.535605,0.33,39.33,2500,27.2,12076.9,7596,7955,0,5506,2802,2718,1600,233000
"E05000495","Aldborough","Redbridge","East",8.6,0.109074,51.590265,0.18,19.7,3900,76.8,1709.3,8962,5582,3.2,5119,1362,3759,3383,250000
"E05000496","Barkingside","Redbridge","East",1.5,0.068603,51.581309,0.13,17.15,2100,1.3,8466.7,7505,5104,13.9,4419,1069,3358,3206,282500
"E05000497","Bridge","Redbridge","East",2.6,0.047196,51.607491,0.15,21.91,1700,36,4519.2,9136,2522,3.8,4843,1218,3636,3339,275000
"E05000498","Chadwell","Redbridge","East",1.5,0.123527,51.575276,0.18,21.84,2200,4.8,9600,9746,4511,0.4,5247,1662,3594,3484,230000
"E05000499","Church End","Redbridge","East",1.5,0.021942,51.597501,0.08,26.22,3800,3.3,7766.7,8969,2547,13.8,5120,2712,2418,3219,270000
"E05000500","Clayhall","Redbridge","East",2.5,0.052112,51.585048,0.12,17.74,3100,19.9,5340,8107,5134,25.7,4180,571,3610,3322,326750
"E05000501","Clementswood","Redbridge","East",1.3,0.08126,51.556997,0.31,41.42,8300,7.7,11384.6,6513,8153,0.4,4571,1602,2984,2086,224995
"E05000502","Cranbrook","Redbridge","East",2.4,0.059151,51.570686,0.16,24.92,2600,33.4,5375,7093,5687,14.7,4107,1192,2929,2755,325000
"E05000503","Fairlop","Redbridge","East",3.6,0.084121,51.600393,0.15,24.61,3800,48.2,3541.7,9458,3172,12.5,5092,1332,3762,3502,249995
"E05000504","Fullwell","Redbridge","East",2.2,0.067606,51.593916,0.2,19,1700,24.9,5909.1,9094,3816,8.6,4882,1307,3575,3316,270000
"E05000505","Goodmayes","Redbridge","East",1.6,0.110685,51.561637,0.23,34.21,1800,30.6,8250,7022,6047,1.3,4241,1246,2996,2422,233000
"E05000506","Hainault","Redbridge","East",5.6,0.125426,51.610431,0.25,19.76,3000,59.8,2330.4,10082,2871,1.4,5397,1203,4195,3120,211000
"E05000507","Loxford","Redbridge","East",1.3,0.074546,51.549994,0.32,30.84,3000,18.3,12846.2,7742,8802,0.2,5206,1883,3340,2203,220000
"E05000508","Mayfield","Redbridge","East",1.9,0.097084,51.554206,0.19,21.26,1900,16.8,7263.2,8054,5618,10.3,4334,669,3677,3093,260000
"E05000509","Monkhams","Redbridge","East",3.1,0.026683,51.615121,0.06,18.29,2700,29.9,3387.1,8459,1963,52.3,4426,1435,2995,3497,398500
"E05000510","Newbury","Redbridge","East",2.1,0.090065,51.5714,0.22,22.04,3900,21.4,8047.6,8791,7969,1,5347,1583,3793,3285,250000
"E05000511","Roding","Redbridge","East",2.3,0.037672,51.594046,0.14,34.33,2000,35.7,5282.6,8645,3399,5.5,4799,1870,2938,3027,302000
"E05000512","Seven Kings","Redbridge","East",2.1,0.107936,51.571403,0.21,31.05,5500,30,7285.7,7945,7219,1.8,4849,1488,3376,2760,250000
"E05000513","Snaresbrook","Redbridge","East",2,0.021235,51.583214,0.1,30.95,3000,10.6,5975,8638,3227,24.5,5586,3153,2446,3398,262500
"E05000514","Valentines","Redbridge","East",1.5,0.068742,51.562964,0.23,35.43,5000,13.8,9500,7023,7100,3.6,4899,2496,2439,2266,242750
"E05000515","Wanstead","Redbridge","East",5.2,0.032815,51.567211,0.09,24.57,1000,64.2,2240.4,8913,2630,29.5,4684,1497,3205,3303,410000
"E05000516","Barnes","Richmond upon Thames","West",3,-0.237298,51.47991,0.07,27.66,2100,54.4,3450,6985,3314,52.5,4532,1981,2585,2482,867500
"E05000517","East Sheen","Richmond upon Thames","South",5.8,-0.264124,51.451191,0.04,29.63,3100,76.7,1793.1,7905,2443,60.6,4255,1286,3008,2917,705000
"E05000518","Fulwell and Hampton Hill","Richmond upon Thames","South",1.9,-0.351787,51.428474,0.07,26.44,4900,32.7,5342.1,8439,1692,25,4345,1470,2895,3056,405000
"E05000519","Ham, Petersham and Richmond Riverside","Richmond upon Thames","South",9.4,-0.29617,51.437836,0.12,27.89,2500,81.9,1101.1,7167,3150,24.8,4603,2023,2591,2696,383500
"E05000520","Hampton","Richmond upon Thames","West",6.9,-0.350257,51.409497,0.07,21.61,4000,74.7,1449.3,8318,1667,31.8,4327,1279,3050,2891,390000
"E05000521","Hampton North","Richmond upon Thames","West",1.9,-0.374944,51.427883,0.13,14.51,1800,28.2,4947.4,7501,1886,18,4152,1152,3032,2615,286250
"E05000522","Hampton Wick","Richmond upon Thames","South",2.7,-0.315426,51.416725,0.07,25.58,3000,50,3796.3,8151,2070,37.5,4681,2531,2188,2824,387500
"E05000523","Heathfield","Richmond upon Thames","West",1.9,-0.371841,51.448335,0.14,24.39,1000,27,5447.4,7567,2746,15.8,3996,1019,2977,2596,300000
"E05000524","Kew","Richmond upon Thames","West",3.6,-0.288697,51.477126,0.06,29.02,4000,56.6,3180.6,7987,3449,48.7,5203,2453,2768,3061,500000
"E05000525","Mortlake and Barnes Common","Richmond upon Thames","West",1.9,-0.25048,51.469084,0.09,34.02,2400,41.7,5763.2,8120,2799,38.5,5099,2545,2559,2896,545000
"E05000526","North Richmond","Richmond upon Thames","West",2.8,-0.299153,51.467128,0.08,36.62,3700,54.1,3803.6,7635,3014,36.4,4925,2071,2872,2724,535000
"E05000527","St Margarets and North Twickenham","Richmond upon Thames","West",2,-0.329868,51.455353,0.05,29.83,4100,23.5,5600,8569,2603,35.6,4731,1953,2791,3197,471750
"E05000528","South Richmond","Richmond upon Thames","South",2.7,-0.29266,51.457525,0.06,29.74,12900,47.3,4018.5,7246,3574,39.3,5438,3250,2226,2680,487250
"E05000529","South Twickenham","Richmond upon Thames","South",1.7,-0.338574,51.440375,0.05,25.56,3900,26.7,5911.8,8109,1878,36,4143,1395,2758,2877,389000
"E05000530","Teddington","Richmond upon Thames","South",4.3,-0.335028,51.419928,0.05,25.51,7400,64,2407,8493,1837,34,4772,2208,2584,3101,383750
"E05000531","Twickenham Riverside","Richmond upon Thames","South",2,-0.317482,51.450897,0.05,34.41,8000,37.8,5200,7608,2788,34.7,5030,3076,1981,2814,450000
"E05000532","West Twickenham","Richmond upon Thames","West",2.5,-0.358593,51.43944,0.08,23.49,2000,45.6,4220,8306,2222,9.5,4355,1097,3269,3086,340000
"E05000533","Whitton","Richmond upon Thames","West",1.6,-0.357035,51.453485,0.1,20.6,1200,21.3,6125,7479,2273,9.8,3895,869,3035,2838,315750
"E05000534","Brunswick Park","Southwark","Central",0.9,-0.085126,51.473737,0.23,40.51,6700,7,14666.7,7823,5351,3.4,5310,3977,1388,1676,340000
"E05000535","Camberwell Green","Southwark","Central",1,-0.095635,51.477091,0.25,50.88,6600,1.6,15050,7997,7035,1.9,6179,5615,649,1052,226000
"E05000536","Cathedrals","Southwark","Central",1.8,-0.100819,51.502447,0.16,49.09,56000,15.3,8305.6,8963,5978,16.2,6503,5798,730,1628,437500
"E05000537","Chaucer","Southwark","Central",0.8,-0.090785,51.497952,0.18,47.56,15700,5.6,19000,8317,6861,7.5,6387,6158,281,1600,302000
"E05000538","College","Southwark","Central",3.2,-0.077123,51.435986,0.16,35.04,1700,43.7,3703.1,8182,3630,17.3,5140,3435,1722,2574,266500
"E05000539","East Dulwich","Southwark","Central",1,-0.073044,51.454837,0.12,41.56,2400,0.7,12350,9127,3194,3.3,5449,2696,2807,2802,410000
"E05000540","East Walworth","Southwark","Central",1.1,-0.084705,51.488967,0.24,59.84,3300,24.1,10500,6498,5059,1.6,4764,3987,820,833,216000
"E05000541","Faraday","Southwark","Central",0.9,-0.088348,51.484705,0.25,48.02,1400,30,14277.8,6944,5895,0.7,5027,4541,556,705,211000
"E05000542","Grange","Southwark","Central",1.2,-0.078824,51.496865,0.2,42.76,17100,4.5,12833.3,9479,5883,8.1,7427,6767,675,1669,320000
"E05000543","Livesey","Southwark","Central",1.4,-0.060724,51.482398,0.31,45.72,4000,4.5,10107.1,7865,6264,0.3,5535,4354,1258,951,210000
"E05000544","Newington","Southwark","Central",0.8,-0.101333,51.486368,0.24,43.54,7100,3.8,17687.5,8131,6005,3,6398,5400,1081,1440,307000
"E05000545","Nunhead","Southwark","Central",1.3,-0.054322,51.468022,0.28,38.26,1200,20.1,10500,8308,5312,0.5,5727,3379,2369,1844,250000
"E05000546","Peckham","Southwark","Central",0.9,-0.073192,51.477725,0.29,38.94,1500,7,16388.9,7709,7011,0.2,5483,4026,1510,1206,190000
"E05000547","Peckham Rye","Southwark","Central",2.3,-0.057542,51.455796,0.16,38.42,1300,45.7,5891.3,9625,3893,2.9,5807,3545,2290,2752,300000
"E05000548","Riverside","Southwark","Central",1.3,-0.071091,51.500715,0.18,35.16,40700,23.2,11076.9,8569,5821,26.7,7563,7065,520,2227,445000
"E05000549","Rotherhithe","Southwark","Central",1.5,-0.051656,51.497392,0.21,32.88,5800,34.1,9166.7,7776,5967,6.7,6150,4981,1192,1640,342694
"E05000550","South Bermondsey","Southwark","Central",1,-0.067045,51.489544,0.25,45.04,2200,3,13800,8123,5657,0.3,5747,4463,1345,1439,215000
"E05000551","South Camberwell","Southwark","Central",1.3,-0.083528,51.463184,0.16,39.31,2800,20,9730.8,8104,4525,5.4,5177,3664,1549,2078,285000
"E05000552","Surrey Docks","Southwark","Central",1.9,-0.038295,51.500271,0.11,21.15,3400,40.3,7105.3,7699,5736,16,6294,4401,1897,2411,310000
"E05000553","The Lane","Southwark","Central",1.4,-0.068916,51.468298,0.24,46.02,4000,6,11142.9,9704,5861,2.5,6494,4100,2443,2270,320500
"E05000554","Village","Southwark","Central",2.8,-0.08675,51.449781,0.07,30.6,2600,33.8,4446.4,9673,2729,46.9,4704,1539,3194,2986,650000
"E05000555","Beddington North","Sutton","South",5,-0.137856,51.376378,0.09,19.54,8800,53,2070,8602,1707,3.7,4096,619,3484,3237,240000
"E05000556","Beddington South","Sutton","South",3.1,-0.132373,51.351943,0.17,19.16,2000,39.1,3451.6,8525,2142,32.1,4201,1252,2949,2354,345000
"E05000557","Belmont","Sutton","South",2.3,-0.194082,51.348046,0.09,15.06,3600,19,4391.3,7831,2217,36.1,4457,2000,2475,3051,260000
"E05000558","Carshalton Central","Sutton","South",2,-0.16961,51.364388,0.07,28.26,2700,27,5050,8533,1506,13,4246,1305,2955,3177,249000
"E05000559","Carshalton South and Clockhouse","Sutton","South",7.1,-0.163202,51.340389,0.08,14.69,1400,68.2,1373.2,8362,1353,40.9,3613,681,2933,2912,340000
"E05000560","Cheam","Sutton","South",3.9,-0.216021,51.34787,0.06,13.73,3200,24.7,2653.8,8376,1909,44.2,3991,812,3193,3271,375000
"E05000561","Nonsuch","Sutton","South",1.9,-0.232614,51.370553,0.06,19.07,2400,10.4,5631.6,8972,1669,18.6,4061,769,3292,3441,310000
"E05000562","St Helier","Sutton","South",1.5,-0.183406,51.382229,0.19,31.2,3900,26,8000,9252,2697,0.2,4623,1034,3591,2168,191375
"E05000563","Stonecot","Sutton","South",2,-0.210069,51.378795,0.07,22.39,2600,21.5,5375,8773,1939,0.6,3988,470,3518,3371,260000
"E05000564","Sutton Central","Sutton","South",1.3,-0.190457,51.36526,0.14,37.26,17900,12.9,8500,8031,2962,0.5,5318,3220,2115,2777,192500
"E05000565","Sutton North","Sutton","South",1.9,-0.193279,51.374996,0.1,24.28,1400,27,5473.7,8172,2183,3.9,4215,1189,3033,3107,235000
"E05000566","Sutton South","Sutton","South",1.3,-0.187166,51.356107,0.09,30.74,2800,8.1,7423.1,6777,2822,11.5,5055,3937,1140,2649,199950
"E05000567","Sutton West","Sutton","South",1.8,-0.205338,51.362364,0.06,28.37,1700,23.1,5888.9,7895,2641,10,4771,2497,2320,3214,212250
"E05000568","The Wrythe","Sutton","South",1.5,-0.168977,51.374459,0.13,26.28,1600,18,6800,8613,1550,0.1,4231,1435,2796,3014,226000
"E05000569","Wallington North","Sutton","South",1.6,-0.150872,51.367218,0.1,28.36,3200,19.9,6687.5,8884,1766,4.9,4707,2026,2723,3114,194995
"E05000570","Wallington South","Sutton","South",1.7,-0.149927,51.354548,0.13,37.91,3100,9.5,6029.4,8309,1891,20.8,4573,2506,2120,2870,219750
"E05000571","Wandle Valley","Sutton","South",2.1,-0.165194,51.384948,0.21,26.03,2300,40.5,5571.4,9329,2301,0.3,4799,1612,3190,2429,186025
"E05000572","Worcester Park","Sutton","South",2,-0.232258,51.380171,0.08,20.69,2700,22.3,5875,9154,2501,9.3,4751,1025,3726,3607,260950
"E05000573","Bethnal Green North","Tower Hamlets","East",0.8,-0.057485,51.53123,0.32,45.38,4700,6.1,17250,8384,5299,2.3,5404,4886,564,1250,275000
"E05000574","Bethnal Green South","Tower Hamlets","East",0.9,-0.056623,51.523423,0.34,41.5,3300,16.9,15833.3,7722,6444,1.8,5326,4824,593,1169,245000
"E05000575","Blackwall and Cubitt Town","Tower Hamlets","East",3,-0.006562,51.500038,0.29,26.24,20900,42.2,6550,10007,9454,17.7,9350,8287,1102,2479,333000
"E05000576","Bow East","Tower Hamlets","East",1.9,-0.026589,51.536819,0.31,37.54,5700,30.3,7842.1,10209,4572,1.7,6877,5643,1258,1710,240875
"E05000577","Bow West","Tower Hamlets","East",1.3,-0.037043,51.531382,0.29,39.21,2500,43,10038.5,8800,4139,7.4,5103,3508,1619,1658,289000
"E05000578","Bromley-by-Bow","Tower Hamlets","East",1.1,-0.01645,51.523436,0.4,40.1,3600,11.7,13272.7,8185,6295,1.4,5232,4643,614,954,240000
"E05000579","East India and Lansbury","Tower Hamlets","East",1.2,-0.010197,51.51536,0.44,34.63,2600,12.5,12458.3,8987,5872,1.4,5401,4518,904,1123,233750
"E05000580","Limehouse","Tower Hamlets","Central",1.1,-0.02638,51.511305,0.36,36.87,3800,23.4,14636.4,8985,7001,10.6,6542,6004,595,1771,275000
"E05000581","Mile End and Globe Town","Tower Hamlets","East",0.9,-0.044976,51.526217,0.31,35.99,7400,12.4,16944.4,9018,6172,2.1,5363,4626,805,1455,249999
"E05000582","Mile End East","Tower Hamlets","East",1.1,-0.02873,51.521393,0.39,40.08,3300,33.4,12227.3,7551,5803,1.3,4809,4217,639,882,237000
"E05000583","Millwall","Tower Hamlets","Central",2.5,-0.021995,51.497505,0.2,22.05,106200,35,9320,11046,12038,25,11986,10457,1578,3226,340000
"E05000584","St Dunstan's and Stepney Green","Tower Hamlets","East",1,-0.04341,51.517002,0.42,38.55,2600,21.2,16350,9772,6466,5.2,5772,4381,1462,1428,272000
"E05000585","St Katharine's and Wapping","Tower Hamlets","Central",1.5,-0.064064,51.506744,0.22,33.15,14900,37,8366.7,7264,5147,29.6,6417,5653,784,2486,379250
"E05000586","Shadwell","Tower Hamlets","Central",1,-0.049486,51.511145,0.37,41.46,3200,24.2,15250,8292,6818,15.4,6035,5580,495,1565,320000
"E05000587","Spitalfields and Banglatown","Tower Hamlets","Central",0.6,-0.07166,51.519029,0.35,42.35,23700,1.4,17250,5074,5212,13.4,4074,3595,528,1052,380000
"E05000588","Weavers","Tower Hamlets","East",0.8,-0.070173,51.526181,0.33,48.43,3600,15,16625,7759,5447,1.6,5640,4948,748,1414,326500
"E05000589","Whitechapel","Tower Hamlets","Central",0.9,-0.062221,51.515498,0.33,46.5,21100,5.4,16611.1,7607,7255,10.5,6048,5501,577,1313,310000
"E05000590","Cann Hall","Waltham Forest","East",0.9,0.011901,51.5572,0.28,39.8,1500,5,15444.4,7060,6739,0.1,5066,1916,3178,1977,215000
"E05000591","Cathall","Waltham Forest","East",1.1,0.000286,51.556492,0.3,43.25,1400,22.6,11590.9,6336,6364,0,4607,1979,2655,1305,232500
"E05000592","Chapel End","Waltham Forest","East",1.8,-0.011984,51.597293,0.21,42.91,3600,31.2,7861.1,8888,5198,0,5161,1464,3720,3009,239250
"E05000593","Chingford Green","Waltham Forest","North",3.7,0.005254,51.635791,0.15,26.89,3200,54.9,2797.3,8942,1345,15.9,4564,1562,3008,3116,273748
"E05000594","Endlebury","Waltham Forest","North",2,-0.009566,51.626939,0.15,21.57,1100,18.5,5400,8857,1873,10.3,4270,1134,3138,3150,286500
"E05000595","Forest","Waltham Forest","East",2,0.003063,51.576876,0.21,51.85,6000,40.4,6350,6842,5767,2.8,4379,1761,2687,2248,250000
"E05000596","Grove Green","Waltham Forest","East",0.9,-0.004277,51.563621,0.2,55.61,900,4.3,16333.3,6860,7744,0,5313,2555,2777,2403,212000
"E05000597","Hale End and Highams Park","Waltham Forest","East",2.3,0.004903,51.602428,0.19,33.06,5300,41.4,4956.5,8879,2476,4.9,4284,1085,3201,2846,275500
"E05000598","Hatch Lane","Waltham Forest","East",2.4,0.009675,51.617235,0.22,30.76,1500,37.7,4645.8,9235,1823,8.3,4586,1397,3200,2854,242500
"E05000599","High Street","Waltham Forest","North",3.1,-0.044604,51.580447,0.23,59.43,3300,56.4,4580.6,7849,6278,0,5594,3263,2360,2685,217250
"E05000600","Higham Hill","Waltham Forest","North",3.2,-0.037389,51.597645,0.32,48.67,3000,56.7,4140.6,7872,5322,0,4942,1700,3247,2096,191375
"E05000601","Hoe Street","Waltham Forest","East",1.1,-0.014006,51.583595,0.27,54.07,2500,10.6,12727.3,7963,5949,0.3,5491,3413,2096,2191,250000
"E05000602","Larkswood","Waltham Forest","East",2.1,-0.009745,51.61426,0.21,25.95,2100,31.4,5428.6,8861,2476,1.4,4538,1155,3392,3072,250000
"E05000603","Lea Bridge","Waltham Forest","East",2.6,-0.032471,51.568408,0.26,57.65,4900,40.1,6057.7,7772,7899,0.1,5614,2839,2887,2572,201500
"E05000604","Leyton","Waltham Forest","East",2,-0.015976,51.561861,0.31,51.65,4900,27.1,7125,7258,6926,0.1,5282,2917,2386,1787,198000
"E05000605","Leytonstone","Waltham Forest","East",1.3,0.008964,51.569155,0.19,47.76,3400,5.8,9961.5,7391,5488,3.7,4939,2724,2256,2232,249998
"E05000606","Markhouse","Waltham Forest","East",1.5,-0.030473,51.576979,0.29,45.55,1700,29,9133.3,7384,6252,0.1,4968,1821,3159,2174,220000
"E05000607","Valley","Waltham Forest","North",2,-0.024405,51.612858,0.23,27.68,3100,17.6,5750,8514,2930,0.5,4342,1071,3271,2931,205500
"E05000608","William Morris","Waltham Forest","East",1,-0.028166,51.590258,0.27,47.19,2000,5.3,13350,7485,5784,0,5027,2154,2889,2394,218000
"E05000609","Wood Street","Waltham Forest","East",1.8,0.001656,51.587086,0.27,50.52,2200,34.4,7472.2,8189,5179,0.6,5312,2887,2445,2337,250000
"E05000610","Balham","Wandsworth","Central",1.2,-0.151758,51.449882,0.09,35.24,3400,11.7,12333.3,10550,4201,32.3,6484,3766,2765,3382,500000
"E05000611","Bedford","Wandsworth","Central",1.8,-0.147946,51.435704,0.12,49.79,1800,47.9,8111.1,10158,4417,15.3,6486,4809,1889,2878,334500
"E05000612","Earlsfield","Wandsworth","South",1.4,-0.185732,51.440183,0.14,37.4,5800,16.7,11071.4,10292,5156,5.7,6731,4337,2523,3167,370000
"E05000613","East Putney","Wandsworth","South",1.6,-0.212712,51.455844,0.09,39.76,3900,11,9437.5,9098,5924,25,7188,5512,1734,3372,390000
"E05000614","Fairfield","Wandsworth","West",1.5,-0.188319,51.458961,0.11,38.51,7700,11.2,9766.7,9857,4756,26.4,6920,5029,1964,3274,390000
"E05000615","Furzedown","Wandsworth","Central",1.4,-0.146564,51.424562,0.19,41.78,1300,18.8,11071.4,9807,5697,3.9,6235,3176,3104,3272,261000
"E05000616","Graveney","Wandsworth","South",1,-0.162833,51.425501,0.21,46.63,3100,2.6,15250,8749,6449,1.5,6325,3207,3151,2764,267000
"E05000617","Latchmere","Wandsworth","South",1.1,-0.16882,51.468425,0.29,43.04,2400,12.5,14000,9268,6090,7.3,6855,5637,1309,2042,290000
"E05000618","Nightingale","Wandsworth","South",1.2,-0.159916,51.443114,0.1,37.8,3600,9.5,12291.7,10619,4060,29.7,6445,4096,2460,3242,400500
"E05000619","Northcote","Wandsworth","Central",1.7,-0.163479,51.45773,0.07,37.46,6100,34,8823.5,10626,4314,37.2,6452,3731,2757,3320,540000
"E05000620","Queenstown","Wandsworth","Central",3.2,-0.147164,51.478074,0.21,43.35,11900,38.5,5109.4,9405,6926,17.5,8279,7505,872,2775,413250
"E05000621","Roehampton and Putney Heath","Wandsworth","South",4.4,-0.240689,51.448509,0.26,25.07,4200,70.6,3659.1,9898,6234,9.7,6041,4900,1175,1769,249000
"E05000622","St Mary's Park","Wandsworth","West",1.4,-0.173614,51.473748,0.16,42.97,9600,26.9,11857.1,10112,6444,35.9,8259,7160,1124,3398,475000
"E05000623","Shaftesbury","Wandsworth","Central",0.9,-0.157934,51.465329,0.11,45.48,3800,2.4,15777.8,10059,4101,23.9,6585,3606,3043,2840,480000
"E05000624","Southfields","Wandsworth","South",1.5,-0.198681,51.447305,0.1,32.71,5200,17,10866.7,10602,5654,18.9,7175,4002,3201,3860,412250
"E05000625","Thamesfield","Wandsworth","West",1.9,-0.216922,51.46526,0.05,37.55,9800,34.5,7842.1,10189,4653,44.6,6798,4158,2693,3685,525000
"E05000626","Tooting","Wandsworth","South",1.6,-0.172293,51.430225,0.21,45.55,12000,33.7,10156.3,8866,7373,0.9,6215,2996,3268,2529,323850
"E05000627","Wandsworth Common","Wandsworth","South",2.8,-0.175894,51.447089,0.08,34.26,3600,48.2,5464.3,11333,3914,39.1,5762,2903,2884,3468,450000
"E05000628","West Hill","Wandsworth","South",1.7,-0.21438,51.444681,0.16,28.64,2300,31.9,9676.5,9267,7135,19.8,6897,5145,1757,3024,275000
"E05000629","West Putney","Wandsworth","South",1.8,-0.23378,51.458306,0.15,24.57,1900,20.5,8194.4,9667,5075,23.3,6487,3982,2567,3243,374000
"E05000630","Abbey Road","Westminster","Central",1.1,-0.178198,51.5349,0.08,41.38,3300,7.2,10227.3,4849,6401,55.1,5781,4555,1250,2237,685000
"E05000631","Bayswater","Westminster","Central",0.5,-0.191893,51.51708,0.12,48.95,3700,3.8,20600,4520,5780,29.7,5753,5160,688,1900,550000
"E05000632","Bryanston and Dorset Square","Westminster","Central",0.7,-0.16197,51.519546,0.06,56.6,27200,2.1,17142.9,4641,7350,57.1,7318,6811,681,2054,675000
"E05000633","Churchill","Westminster","Central",0.6,-0.147004,51.487778,0.21,42.79,3400,22.2,16083.3,5352,4266,19.9,4968,4581,416,1191,641000
"E05000634","Church Street","Westminster","Central",0.4,-0.169683,51.523901,0.36,47.74,4300,7.6,29375,5558,6202,6.9,4797,4614,252,834,390000
"E05000635","Harrow Road","Westminster","West",0.5,-0.199472,51.526608,0.31,43.23,2000,3,24100,6228,5806,8.1,5465,4854,717,1320,350000
"E05000636","Hyde Park","Westminster","Central",1,-0.172989,51.516062,0.11,58.54,29300,8.9,12450,4460,8002,59.3,7477,6761,863,2147,630000
"E05000637","Knightsbridge and Belgravia","Westminster","Central",3.6,-0.166754,51.504401,0.01,43.92,28000,69.1,2583.3,3742,5528,95.7,5393,3783,1655,1813,1750000
"E05000638","Lancaster Gate","Westminster","Central",0.6,-0.185408,51.513183,0.1,53.06,7600,8.6,22000,4675,8520,39.9,7286,6962,640,2135,699000
"E05000639","Little Venice","Westminster","Central",0.6,-0.180789,51.523555,0.15,49.59,2600,15.5,17750,5036,5597,50.5,5240,4851,506,1958,650000
"E05000640","Maida Vale","Westminster","West",0.6,-0.189522,51.529797,0.16,43.96,1700,27.2,17000,5209,5001,29.4,4606,4373,288,1617,550000
"E05000641","Marylebone High Street","Westminster","Central",1,-0.150353,51.519628,0.05,53.64,60800,6.1,10350,4305,6061,66.1,6480,6026,501,1759,680000
"E05000642","Queen's Park","Westminster","West",0.6,-0.208677,51.529488,0.4,44.92,2000,4.4,20916.7,7124,5439,4.6,5229,3306,1996,1207,390014
"E05000643","Regent's Park","Westminster","Central",2.3,-0.161933,51.530026,0.1,46.51,9300,62.2,5260.9,4835,7232,53.1,6893,6426,487,2262,540000
"E05000644","St James's","Westminster","Central",3.5,-0.130572,51.504591,0.12,60.92,196900,30.7,3085.7,5518,5310,55.6,6556,6242,337,1421,690000
"E05000645","Tachbrook","Westminster","Central",0.4,-0.134354,51.487847,0.11,45.92,1900,32.4,20375,4802,3356,30.8,5087,4932,268,1214,515000
"E05000646","Vincent Square","Westminster","Central",0.7,-0.131793,51.492921,0.14,45.24,21800,30,14285.7,5532,4456,41.7,5674,5566,148,1709,600000
"E05000647","Warwick","Westminster","Central",0.6,-0.143881,51.492085,0.11,48.05,18900,4,15666.7,5256,4113,47.2,5335,4964,508,1759,590000
"E05000648","Westbourne","Westminster","Central",0.7,-0.193781,51.521258,0.33,45.59,3200,19.2,18214.3,6194,6565,11.1,5393,5278,193,1216,415000
"E05000649","West End","Westminster","Central",2,-0.143578,51.512348,0.09,60.14,193200,3.9,5300,4571,6004,64.5,7587,7150,477,1419,950000
"E09000001","City of London",NA,"Central",3.2,-0.092438,51.514414,0.06,35.23,374100,18.6,2312.5,4670,2705,33.7,5513,5416,114,1868,465000
